City_ID,City,Country,Date,Lat,Lng,Max Temp,Humidity,Cloudiness,Wind Speed
0,Fortuna,US,2022-03-13 03:23:42,40.5982,-124.1573,53.94,84,100,16.11
1,Puerto Ayora,EC,2022-03-13 03:20:44,-0.7393,-90.3518,75.54,100,16,3.0
2,Avarua,CK,2022-03-13 03:23:43,-21.2078,-159.775,84.25,74,20,4.61
3,Otorohanga,NZ,2022-03-13 03:23:43,-38.1833,175.2,76.17,43,100,4.14
4,Takoradi,GH,2022-03-13 03:23:44,4.8845,-1.7554,79.47,85,100,5.23
5,Provideniya,RU,2022-03-13 03:23:44,64.3833,-173.3,18.07,62,0,11.72
6,Hobart,AU,2022-03-13 03:21:57,-42.8794,147.3294,79.23,45,20,13.8
7,Kaeo,NZ,2022-03-13 03:23:44,-35.1,173.7833,76.32,71,68,11.74
8,Ribeira Grande,PT,2022-03-13 03:23:45,38.5167,-28.7,58.03,61,18,13.96
9,Upernavik,GL,2022-03-13 03:23:45,72.7868,-56.1549,-17.34,100,100,6.62
10,Pitimbu,BR,2022-03-13 03:23:46,-7.4706,-34.8086,79.39,78,88,8.16
11,Mataura,NZ,2022-03-13 03:23:46,-46.1927,168.8643,64.47,39,1,2.39
12,Yichang,CN,2022-03-13 03:20:15,30.7144,111.2847,78.08,57,96,3.47
13,Te Anau,NZ,2022-03-13 03:23:47,-45.4167,167.7167,66.27,48,0,3.13
14,Turukhansk,RU,2022-03-13 03:23:47,65.8167,87.9833,-11.2,95,92,5.28
15,Chokurdakh,RU,2022-03-13 03:23:47,70.6333,147.9167,-7.51,91,100,4.47
16,Bluff,NZ,2022-03-13 03:23:48,-46.6,168.3333,64.8,68,0,6.49
17,Puerto Escondido,MX,2022-03-13 03:23:48,15.85,-97.0667,77.83,78,0,8.05
18,Rikitea,PF,2022-03-13 03:23:12,-23.1203,-134.9692,80.06,71,62,12.55
19,Ushuaia,AR,2022-03-13 03:23:49,-54.8,-68.3,47.86,61,75,12.66
20,Ginir,ET,2022-03-13 03:23:49,7.1333,40.7,58.37,43,100,3.42
21,Ostrovnoy,RU,2022-03-13 03:23:49,68.0531,39.5131,29.46,90,100,17.4
22,Kursumlija,RS,2022-03-13 03:23:50,43.1458,21.2686,18.91,75,6,3.53
23,Luderitz,NA,2022-03-13 03:23:50,-26.6481,15.1594,63.59,94,25,11.07
24,Ilulissat,GL,2022-03-13 03:23:51,69.2167,-51.1,6.82,72,75,14.97
25,Sabha,LY,2022-03-13 03:23:51,27.0377,14.4283,50.41,27,1,8.12
26,Ponta Do Sol,PT,2022-03-13 03:23:51,32.6667,-17.1,64.71,76,100,8.37
27,Emerald,AU,2022-03-13 03:23:52,-23.5333,148.1667,87.35,40,6,16.37
28,Mugur-Aksy,RU,2022-03-13 03:23:52,50.35,90.5,17.4,78,66,3.47
29,Atuona,PF,2022-03-13 03:23:53,-9.8,-139.0333,78.87,76,66,15.14
30,Vao,NC,2022-03-13 03:23:53,-22.6667,167.4833,79.66,69,100,11.12
31,Keti Bandar,PK,2022-03-13 03:23:53,24.1447,67.4497,77.95,67,3,11.88
32,Kloulklubed,PW,2022-03-13 03:23:54,7.0419,134.2556,82.9,77,60,12.41
33,Manhattan,US,2022-03-13 03:21:27,40.7834,-73.9662,26.42,57,100,29.93
34,Pevek,RU,2022-03-13 03:23:54,69.7008,170.3133,-5.58,98,99,1.9
35,Manavalakurichi,IN,2022-03-13 03:23:55,8.1333,77.3,81.7,57,53,6.44
36,Punta Arenas,CL,2022-03-13 03:19:42,-53.15,-70.9167,46.51,71,100,10.36
37,Preobrazheniye,RU,2022-03-13 03:23:55,42.9019,133.9064,38.14,65,96,4.94
38,Bethel,US,2022-03-13 03:23:56,41.3712,-73.414,23.95,74,68,14.0
39,Henties Bay,NA,2022-03-13 03:23:56,-22.116,14.2845,64.13,94,100,8.05
40,Tiksi,RU,2022-03-13 03:23:57,71.6872,128.8694,-12.86,96,48,3.24
41,Port Alfred,ZA,2022-03-13 03:23:57,-33.5906,26.891,73.18,84,17,15.52
42,Zheleznodorozhnyy,RU,2022-03-13 03:23:57,55.7503,38.0042,27.12,95,100,2.39
43,Carnarvon,AU,2022-03-13 03:23:58,-24.8667,113.6333,84.27,54,0,18.41
44,Saskylakh,RU,2022-03-13 03:23:58,71.9167,114.0833,-12.66,94,96,2.8
45,Saint Anthony,US,2022-03-13 03:23:58,45.0205,-93.218,29.66,51,100,12.66
46,Zhigansk,RU,2022-03-13 03:23:59,66.7697,123.3711,-8.77,97,100,5.77
47,Longyearbyen,SJ,2022-03-13 03:23:59,78.2186,15.6401,19.24,86,20,3.44
48,Churapcha,RU,2022-03-13 03:24:00,62.0025,132.4325,5.65,80,100,4.74
49,San Cristobal,VE,2022-03-13 03:24:00,7.7669,-72.225,69.98,95,99,1.5
50,Kulhudhuffushi,MV,2022-03-13 03:24:01,6.6221,73.07,82.6,70,4,9.75
51,Beringovskiy,RU,2022-03-13 03:24:01,63.05,179.3167,10.38,80,1,9.71
52,Asau,RO,2022-03-13 03:24:01,46.4333,26.4,25.72,85,100,2.82
53,Arraial Do Cabo,BR,2022-03-13 03:24:02,-22.9661,-42.0278,77.07,90,100,1.66
54,Gornopravdinsk,RU,2022-03-13 03:24:02,60.05,69.9,-6.14,100,98,5.17
55,Hermanus,ZA,2022-03-13 03:24:03,-34.4187,19.2345,58.8,83,5,11.63
56,The Valley,AI,2022-03-13 03:24:03,18.217,-63.0578,78.1,76,23,22.01
57,Castro,BR,2022-03-13 03:24:04,-24.7911,-50.0119,60.71,99,100,8.34
58,Puerto Del Rosario,ES,2022-03-13 03:24:04,28.5004,-13.8627,62.35,77,0,8.05
59,Bandarbeyla,SO,2022-03-13 03:24:04,9.4942,50.8122,75.97,75,68,11.16
60,Kapuskasing,CA,2022-03-13 03:24:05,49.4169,-82.4331,-9.31,84,0,3.44
61,Torbay,CA,2022-03-13 03:24:05,47.6666,-52.7314,48.27,96,100,33.38
62,Aksu,CN,2022-03-13 03:24:06,41.1231,80.2644,56.17,26,94,3.04
63,Vieux Fort,LC,2022-03-13 03:24:06,13.7167,-60.95,76.32,78,75,23.02
64,Narsaq,GL,2022-03-13 03:24:07,60.9167,-46.05,16.02,80,100,5.37
65,Pangnirtung,CA,2022-03-13 03:24:07,66.1451,-65.7125,-27.89,91,16,6.62
66,East London,ZA,2022-03-13 03:19:54,-33.0153,27.9116,77.94,65,0,10.36
67,Victoria,HK,2022-03-13 03:23:53,22.2855,114.1577,77.38,80,7,8.01
68,Skjervoy,NO,2022-03-13 03:22:13,70.0311,20.9714,37.99,68,100,12.95
69,Lukovetskiy,RU,2022-03-13 03:24:08,64.2956,41.9211,19.81,97,96,6.55
70,Thinadhoo,MV,2022-03-13 03:24:09,0.5333,72.9333,83.71,66,20,9.84
71,Bintulu,MY,2022-03-13 03:24:09,3.1667,113.0333,88.21,74,40,3.44
72,Tasiilaq,GL,2022-03-13 03:24:10,65.6145,-37.6368,30.36,96,100,12.08
73,Broken Hill,AU,2022-03-13 03:24:10,-31.95,141.4333,84.63,34,89,6.02
74,Hilo,US,2022-03-13 03:20:16,19.7297,-155.09,78.53,70,40,9.22
75,Coahuayana,MX,2022-03-13 03:24:11,18.7333,-103.6833,67.57,89,0,1.03
76,Cape Town,ZA,2022-03-13 03:23:55,-33.9258,18.4232,65.12,88,75,5.75
77,Vardo,NO,2022-03-13 03:24:12,70.3705,31.1107,30.02,81,89,3.85
78,Dingle,PH,2022-03-13 03:24:12,10.9995,122.6711,87.12,67,28,6.53
79,Krasnoselkup,RU,2022-03-13 03:24:12,65.7,82.4667,-10.97,98,73,9.22
80,Busselton,AU,2022-03-13 03:24:13,-33.65,115.3333,77.68,54,68,6.38
81,Aykhal,RU,2022-03-13 03:25:33,66.0,111.5,-8.14,91,93,0.98
82,Tual,ID,2022-03-13 03:25:34,-5.6667,132.75,83.37,75,65,1.36
83,Taoudenni,ML,2022-03-13 03:25:34,22.6783,-3.9836,69.12,14,0,8.23
84,Sendafa,ET,2022-03-13 03:25:34,9.15,39.0333,51.39,54,94,2.33
85,Lumby,CA,2022-03-13 03:25:35,50.2498,-118.969,37.18,93,100,2.3
86,Jinan,CN,2022-03-13 03:23:38,36.6683,116.9972,61.09,64,79,5.44
87,Mar Del Plata,AR,2022-03-13 03:25:35,-38.0023,-57.5575,62.1,78,0,3.44
88,Nioro,GM,2022-03-13 03:25:36,13.35,-15.75,77.7,21,6,1.16
89,Tadine,NC,2022-03-13 03:25:36,-21.55,167.8833,82.65,70,63,11.97
90,Antofagasta,CL,2022-03-13 03:24:52,-23.65,-70.4,63.68,81,29,5.39
91,Saldanha,ZA,2022-03-13 03:25:37,-33.0117,17.9442,57.25,85,89,4.85
92,Termoli,IT,2022-03-13 03:25:37,41.9888,14.9895,39.78,71,0,10.13
93,Yellowknife,CA,2022-03-13 03:25:38,62.456,-114.3525,-1.59,86,75,11.5
94,Svetlyy,RU,2022-03-13 03:25:38,54.675,20.1347,21.25,50,0,4.65
95,Kapaa,US,2022-03-13 03:25:39,22.0752,-159.319,80.58,71,40,12.66
96,Margate,GB,2022-03-13 03:21:57,51.3813,1.3862,47.3,81,100,8.01
97,Jaguaquara,BR,2022-03-13 03:25:39,-13.5306,-39.9708,64.06,99,27,2.75
98,Codrington,AU,2022-03-13 03:25:40,-38.2667,141.9667,78.6,37,4,8.16
99,Puri,IN,2022-03-13 03:25:40,19.8,85.85,79.32,44,13,10.11
100,Waddan,LY,2022-03-13 03:25:40,29.1614,16.139,52.43,36,47,8.7
101,Hamilton,US,2022-03-13 03:22:54,39.1834,-84.5333,23.09,60,0,10.36
102,Tuatapere,NZ,2022-03-13 03:25:41,-46.1333,167.6833,67.71,50,0,4.99
103,Awbari,LY,2022-03-13 03:25:42,26.5921,12.7805,50.7,25,0,6.98
104,New Norfolk,AU,2022-03-13 03:25:42,-42.7826,147.0587,78.89,21,10,1.99
105,Srednekolymsk,RU,2022-03-13 03:25:43,67.45,153.6833,0.88,91,100,8.05
106,Butaritari,KI,2022-03-13 03:25:43,3.0707,172.7902,81.57,78,21,20.15
107,Kidal,ML,2022-03-13 03:25:44,18.4411,1.4078,70.72,13,0,7.67
108,Port Elizabeth,ZA,2022-03-13 03:25:44,-33.918,25.5701,71.89,83,0,29.93
109,Kununurra,AU,2022-03-13 03:25:27,-15.7667,128.7333,93.18,52,79,3.44
110,Yuzhno-Kurilsk,RU,2022-03-13 03:25:45,44.0306,145.8556,32.86,84,78,10.36
111,Tuktoyaktuk,CA,2022-03-13 03:25:45,69.4541,-133.0374,-14.8,76,100,14.97
112,Panaba,MX,2022-03-13 03:21:19,21.2833,-88.2667,70.11,79,100,17.45
113,Mitsamiouli,KM,2022-03-13 03:25:46,-11.3847,43.2844,75.49,78,20,5.75
114,Nanortalik,GL,2022-03-13 03:25:46,60.1432,-45.2371,14.02,69,100,31.68
115,Port Lincoln,AU,2022-03-13 03:25:47,-34.7333,135.8667,81.1,37,74,4.79
116,Kruisfontein,ZA,2022-03-13 03:25:47,-34.0033,24.7314,68.49,88,100,15.1
117,Pontes E Lacerda,BR,2022-03-13 03:25:48,-15.2261,-59.3353,70.11,98,99,3.04
118,Georgetown,MY,2022-03-13 03:25:48,5.4112,100.3354,89.53,79,20,4.61
119,Sola,VU,2022-03-13 03:25:49,-13.8833,167.55,79.47,89,40,0.0
120,Thompson,CA,2022-03-13 03:25:49,55.7435,-97.8558,1.56,78,20,6.91
121,Kieta,PG,2022-03-13 03:25:49,-6.2167,155.6333,85.86,57,59,4.65
122,Cockburn Town,TC,2022-03-13 03:25:50,21.4612,-71.1419,78.15,80,5,13.58
123,Leningradskiy,RU,2022-03-13 03:25:50,69.3833,178.4167,0.46,93,23,6.38
124,Lakatoro,VU,2022-03-13 03:25:50,-16.0999,167.4164,84.24,72,79,7.2
125,Khatanga,RU,2022-03-13 03:25:51,71.9667,102.5,-19.41,99,100,9.28
126,Marrakesh,MA,2022-03-13 03:25:51,31.6315,-8.0083,53.67,76,75,3.44
127,Salalah,OM,2022-03-13 03:25:52,17.0151,54.0924,72.75,49,70,2.64
128,Kahului,US,2022-03-13 03:25:52,20.8947,-156.47,82.42,57,40,21.85
129,Sakata,JP,2022-03-13 03:25:53,38.9167,139.855,41.18,87,75,14.97
130,Marienburg,PL,2022-03-13 03:25:53,54.0359,19.0266,29.57,50,0,3.96
131,Albany,US,2022-03-13 03:24:51,42.6001,-73.9662,19.36,65,89,4.0
132,Santa Isabel Do Rio Negro,BR,2022-03-13 03:25:54,-0.4139,-65.0192,73.54,98,63,1.66
133,College,US,2022-03-13 03:25:54,64.8569,-147.8028,10.35,44,0,17.27
134,Mbandaka,CD,2022-03-13 03:25:54,0.0487,18.2603,71.31,91,100,3.04
135,Saint-Philippe,RE,2022-03-13 03:25:55,-21.3585,55.7679,78.39,89,76,13.85
136,Oranjestad,AW,2022-03-13 03:25:55,12.524,-70.027,78.75,78,20,16.11
137,Aljezur,PT,2022-03-13 03:25:56,37.3191,-8.8033,53.47,92,100,10.74
138,Tigre,AR,2022-03-13 03:25:56,-34.426,-58.5796,68.23,81,0,2.3
139,Davila,PH,2022-03-13 03:23:21,18.4726,120.5763,85.98,66,100,5.08
140,Camacha,PT,2022-03-13 03:25:57,33.0833,-16.3333,58.42,77,20,12.66
141,Faanui,PF,2022-03-13 03:25:57,-16.4833,-151.75,81.81,71,76,11.39
142,Airai,TL,2022-03-13 03:25:58,-8.9266,125.4092,72.45,73,94,2.71
143,Souillac,MU,2022-03-13 03:25:58,-20.5167,57.5167,77.38,100,40,5.75
144,Kaitangata,NZ,2022-03-13 03:25:58,-46.2817,169.8464,62.82,61,0,8.12
145,Lavrentiya,RU,2022-03-13 03:25:59,65.5833,-171.0,9.48,75,2,5.12
146,Fukue,JP,2022-03-13 03:25:59,32.6881,128.8419,66.56,82,75,12.66
147,Lompoc,US,2022-03-13 03:26:00,34.6391,-120.4579,53.02,85,0,25.99
148,Qaanaaq,GL,2022-03-13 03:26:00,77.484,-69.3632,-15.99,70,14,5.7
149,Rio De Jesus,PA,2022-03-13 03:26:00,7.9844,-81.1631,77.25,77,61,1.1
150,Lebu,CL,2022-03-13 03:26:01,-37.6167,-73.65,57.02,93,23,15.61
151,Crailsheim,DE,2022-03-13 03:25:41,49.1344,10.0719,37.27,68,4,6.67
152,Rudnyy,KZ,2022-03-13 03:26:01,52.9594,63.1206,5.23,99,67,8.25
153,Wau,SS,2022-03-13 03:26:02,7.7029,27.9953,77.63,24,63,4.16
154,Rantauprapat,ID,2022-03-13 03:26:06,2.1,99.8333,86.7,66,14,1.23
155,Blythe,US,2022-03-13 03:26:06,33.6103,-114.5964,61.03,16,2,3.33
156,Sitka,US,2022-03-13 03:26:07,57.0531,-135.33,40.89,75,75,4.61
157,Mahebourg,MU,2022-03-13 03:26:07,-20.4081,57.7,81.25,100,40,5.75
158,Berdigestyakh,RU,2022-03-13 03:26:08,62.0989,126.6992,6.84,88,100,3.98
159,Bondo,CD,2022-03-13 03:26:08,3.8146,23.6866,66.63,99,100,2.42
160,Nampula,MZ,2022-03-13 03:26:09,-15.1165,39.2666,69.73,98,100,0.85
161,Zabol,AF,2022-03-13 03:26:09,32.25,67.25,57.83,52,35,4.18
162,Wamba,NG,2022-03-13 03:26:10,8.9333,8.6,77.07,34,73,1.48
163,Meulaboh,ID,2022-03-13 03:26:10,4.1363,96.1285,83.35,72,51,2.8
164,Brazzaville,CG,2022-03-13 03:26:11,-4.2658,15.2832,73.76,100,20,0.0
165,Gondanglegi,ID,2022-03-13 03:26:11,-7.7479,112.0132,85.3,74,99,1.63
166,Hami,CN,2022-03-13 03:26:12,42.8,93.45,51.22,40,78,6.58
167,Wewak,PG,2022-03-13 03:26:12,-3.5534,143.6268,85.78,68,98,6.87
168,Marsa Matruh,EG,2022-03-13 03:26:12,31.3525,27.2453,51.06,75,95,20.18
169,Terenos,BR,2022-03-13 03:26:13,-20.4422,-54.8603,74.91,100,75,2.3
170,Terrace,CA,2022-03-13 03:23:54,54.5163,-128.6035,39.11,87,100,4.61
171,Saint-Denis,FR,2022-03-13 03:25:41,48.9167,2.3333,48.81,81,0,13.8
172,Batagay-Alyta,RU,2022-03-13 03:26:14,67.8006,130.4114,-3.23,83,100,2.3
173,Severo-Kurilsk,RU,2022-03-13 03:26:14,50.6789,156.125,32.65,84,86,8.01
174,Hithadhoo,MV,2022-03-13 03:26:15,-0.6,73.0833,82.58,72,22,5.57
175,Hasaki,JP,2022-03-13 03:26:15,35.7333,140.8333,64.29,69,100,7.83
176,Jamestown,US,2022-03-13 03:22:06,42.097,-79.2353,18.99,54,100,23.02
177,Marzuq,YE,2022-03-13 03:26:16,14.4,46.4667,59.59,37,35,5.59
178,Vagur,FO,2022-03-13 03:26:16,61.4732,-6.8119,42.6,90,85,11.25
179,Tragana,GR,2022-03-13 03:26:17,38.6167,23.1167,32.31,77,15,3.44
180,Husavik,IS,2022-03-13 03:26:17,66.0449,-17.3389,24.84,76,100,13.91
181,Cherskiy,RU,2022-03-13 03:26:18,68.75,161.3,-2.7,91,100,3.22
182,Kavaratti,IN,2022-03-13 03:26:18,10.5669,72.642,82.92,71,7,5.93
183,Ancud,CL,2022-03-13 03:25:33,-41.8697,-73.8203,52.39,86,89,2.68
184,Naze,JP,2022-03-13 03:26:19,28.3667,129.4833,72.52,76,10,11.03
185,Coihaique,CL,2022-03-13 03:24:49,-45.5752,-72.0662,51.75,76,0,3.44
186,Arkhangelskoye,RU,2022-03-13 03:26:19,55.8549,35.3287,24.84,97,100,2.93
187,Ahipara,NZ,2022-03-13 03:23:08,-35.1667,173.1667,70.86,86,45,2.24
188,Comodoro Rivadavia,AR,2022-03-13 03:26:20,-45.8667,-67.5,51.66,50,0,3.44
189,Sao Joao Da Barra,BR,2022-03-13 03:26:20,-21.6403,-41.0511,77.23,88,7,4.34
190,Hofn,IS,2022-03-13 03:26:21,64.2539,-15.2082,35.96,88,100,4.7
191,Ravar,IR,2022-03-13 03:26:21,31.2656,56.8055,68.25,26,100,6.22
192,Kvitok,RU,2022-03-13 03:26:22,56.0724,98.4813,1.62,85,82,2.84
193,Edd,ER,2022-03-13 03:26:22,13.9297,41.6925,76.32,73,16,2.73
194,Emba,KZ,2022-03-13 03:26:23,48.8264,58.1442,6.64,93,99,6.76
195,Vaini,TO,2022-03-13 03:26:23,-21.2,-175.2,82.56,83,40,4.61
196,Fort Nelson,CA,2022-03-13 03:26:23,58.8053,-122.7002,4.59,85,100,6.91
197,Faya,SA,2022-03-13 03:26:24,18.3851,42.4509,54.12,79,4,3.65
198,Bambous Virieux,MU,2022-03-13 03:26:24,-20.3428,57.7575,81.21,100,40,5.75
199,Tefe,BR,2022-03-13 03:26:25,-3.3542,-64.7114,72.7,96,68,0.51
200,Waipawa,NZ,2022-03-13 03:26:25,-41.4122,175.5153,59.4,61,16,12.91
201,Fakel,RU,2022-03-13 03:26:25,57.6325,53.0252,3.67,100,92,4.5
202,Lagoa,PT,2022-03-13 03:26:26,39.05,-27.9833,57.45,59,3,20.87
203,Plonsk,PL,2022-03-13 03:26:26,52.6235,20.3755,24.84,50,5,4.74
204,Beloha,MG,2022-03-13 03:26:27,-25.1667,45.05,71.4,91,4,10.38
205,Bulawayo,ZW,2022-03-13 03:26:27,-20.15,28.5833,57.56,89,5,6.87
206,Chuy,UY,2022-03-13 03:26:27,-33.6971,-53.4616,57.49,79,0,4.0
207,Sorland,NO,2022-03-13 03:26:28,67.667,12.6934,41.22,73,100,14.79
208,Mackay,AU,2022-03-13 03:26:28,-21.15,149.2,85.98,62,87,18.41
209,Bredasdorp,ZA,2022-03-13 03:26:29,-34.5322,20.0403,64.13,78,1,5.64
210,Umm Kaddadah,SD,2022-03-13 03:26:29,13.6017,26.6876,65.66,15,6,15.05
211,Pisco,PE,2022-03-13 03:26:29,-13.7,-76.2167,69.85,83,0,2.3
212,Esperance,AU,2022-03-13 03:26:30,-33.8667,121.9,82.24,58,24,10.69
213,Kaili,ID,2022-03-13 03:26:30,-3.4626,120.2147,75.0,83,100,1.92
214,La Oroya,PE,2022-03-13 03:26:31,-11.5189,-75.8994,44.47,93,100,0.72
215,Neyshabur,IR,2022-03-13 03:26:31,36.2133,58.7958,61.38,36,100,7.63
216,Padang,ID,2022-03-13 03:24:03,-0.9492,100.3543,84.25,68,99,3.15
217,Poum,NC,2022-03-13 03:26:32,-20.2333,164.0167,81.97,75,29,7.54
218,Aripuana,BR,2022-03-13 03:22:49,-9.1667,-60.6333,72.68,99,97,0.34
219,Winnemucca,US,2022-03-13 03:24:28,40.973,-117.7357,55.45,21,0,21.85
220,Redlands,US,2022-03-13 03:26:32,34.0556,-117.1825,64.9,23,0,0.0
221,Mahajanga,MG,2022-03-13 03:26:33,-15.7167,46.3167,71.62,100,20,2.3
222,Barrow,US,2022-03-13 03:26:34,71.2906,-156.7887,-18.38,76,0,5.75
223,Basco,PH,2022-03-13 03:26:35,20.4487,121.9702,74.28,87,7,17.22
224,Tanout,NE,2022-03-13 03:26:35,14.9709,8.8879,67.89,18,85,11.07
225,Kodiak,US,2022-03-13 03:26:36,57.79,-152.4072,38.71,87,100,11.5
226,Kibala,TD,2022-03-13 03:26:36,9.1104,18.3463,82.35,34,5,6.91
227,Narrabri,AU,2022-03-13 03:26:36,-30.3167,149.7833,83.52,32,3,6.91
228,Stepnyak,KZ,2022-03-13 03:26:37,52.8339,70.7803,4.89,98,100,14.16
229,Darnah,LY,2022-03-13 03:26:37,32.767,22.6367,50.61,78,100,18.16
230,Brae,GB,2022-03-13 03:26:37,60.3964,-1.353,44.82,90,100,19.77
231,At-Bashi,KG,2022-03-13 03:26:38,41.1702,75.8106,37.81,91,97,3.22
232,Cartagena,CO,2022-03-13 03:24:49,10.3997,-75.5144,80.22,83,20,8.05
233,Arvika,SE,2022-03-13 03:26:38,59.6553,12.5852,25.41,92,53,2.04
234,Tessalit,ML,2022-03-13 03:26:39,20.1986,1.0114,68.99,13,0,8.63
235,Storslett,NO,2022-03-13 03:26:39,69.7678,21.0247,32.04,75,100,12.21
236,Sao Felix Do Xingu,BR,2022-03-13 03:26:40,-6.6447,-51.995,71.13,96,70,1.25
237,Grand Gaube,MU,2022-03-13 03:26:40,-20.0064,57.6608,81.37,84,28,5.99
238,Kavieng,PG,2022-03-13 03:23:12,-2.5744,150.7967,85.32,68,75,8.52
239,Paslek,PL,2022-03-13 03:26:41,54.0616,19.6593,28.56,50,0,4.32
240,Vila Velha,BR,2022-03-13 03:26:41,-20.3297,-40.2925,78.75,88,75,4.61
241,Scarborough,GB,2022-03-13 03:26:42,54.2797,-0.4044,44.65,89,98,7.0
242,Chaykovskiy,RU,2022-03-13 03:26:42,56.7686,54.1148,-3.41,100,92,1.97
243,Ambon,ID,2022-03-13 03:23:21,-3.6954,128.1814,87.94,70,20,8.05
244,Kautokeino,NO,2022-03-13 03:26:42,69.0125,23.0412,26.96,96,100,10.38
245,Talcahuano,CL,2022-03-13 03:26:43,-36.7167,-73.1167,55.08,94,100,0.0
246,Reconquista,AR,2022-03-13 03:26:43,-29.15,-59.65,63.46,70,98,7.14
247,Taft,IR,2022-03-13 03:26:44,31.7471,54.2088,57.15,41,75,4.61
248,Pokhara,NP,2022-03-13 03:26:44,28.2333,83.9833,75.61,24,0,3.13
249,Quartz Hill,US,2022-03-13 03:26:44,34.6453,-118.2181,61.65,25,0,13.8
250,Mariental,NA,2022-03-13 03:26:45,-24.6333,17.9667,75.24,42,12,7.78
251,Didao,CN,2022-03-13 03:26:45,45.3667,130.8,33.6,82,96,5.17
252,Arkadelphia,US,2022-03-13 03:26:46,34.1209,-93.0538,38.37,76,0,0.0
253,Przhevalskoye,RU,2022-03-13 03:26:46,55.5093,31.8482,18.91,99,67,2.46
254,Svetlogorsk,BY,2022-03-13 03:26:46,52.6333,29.7333,28.26,90,77,7.63
255,Kashi,CN,2022-03-13 03:26:47,39.4547,75.9797,63.61,27,0,6.71
256,Sumbawanga,TZ,2022-03-13 03:26:47,-7.9667,31.6167,55.42,90,100,3.56
257,Nome,US,2022-03-13 03:25:47,64.5011,-165.4064,24.87,36,0,21.85
258,Virginia Beach,US,2022-03-13 03:22:10,36.8529,-75.978,32.04,49,69,1.99
259,Norman Wells,CA,2022-03-13 03:26:48,65.282,-126.8329,-3.96,59,75,14.97
260,Juegang,CN,2022-03-13 03:26:48,32.3174,121.1855,66.04,80,72,7.05
261,Sulangan,PH,2022-03-13 03:26:49,11.1373,123.7228,81.48,78,88,2.3
262,Arona,ES,2022-03-13 03:26:49,28.0996,-16.681,57.83,72,40,5.75
263,Ust-Nera,RU,2022-03-13 03:26:50,64.5667,143.2,7.36,84,96,1.86
264,Olafsvik,IS,2022-03-13 03:26:50,64.8945,-23.7142,36.99,60,96,18.12
265,Mandalgarh,IN,2022-03-13 03:26:50,25.2,75.1,76.96,24,0,4.14
266,Simao,CN,2022-03-13 03:26:51,22.7886,100.9748,83.08,25,6,3.85
267,Rio Gallegos,AR,2022-03-13 03:26:51,-51.6226,-69.2181,50.05,62,75,3.44
268,Dhidhdhoo,MV,2022-03-13 03:26:52,6.8833,73.1,82.69,70,3,9.73
269,Jenjarom,MY,2022-03-13 03:26:52,2.8766,101.4988,87.94,67,93,2.51
270,Blackfoot,US,2022-03-13 03:26:52,43.1905,-112.345,44.38,88,49,5.57
271,Champerico,GT,2022-03-13 03:26:53,14.3,-91.9167,80.58,74,5,8.75
272,Port Angeles,US,2022-03-13 03:24:05,48.1181,-123.4307,46.65,80,0,5.75
273,Dikson,RU,2022-03-13 03:26:53,73.5069,80.5464,-10.62,94,100,18.68
274,Moron,AR,2022-03-13 03:26:54,-34.6534,-58.6198,67.98,77,0,4.63
275,Bengkulu,ID,2022-03-13 03:26:54,-3.8004,102.2655,81.68,75,97,4.99
276,Dickinson,US,2022-03-13 03:26:54,29.4608,-95.0513,50.11,63,0,9.22
277,Irondequoit,US,2022-03-13 03:26:55,43.2134,-77.5797,21.76,64,100,19.57
278,Makakilo City,US,2022-03-13 03:22:18,21.3469,-158.0858,79.12,52,20,13.8
279,Bathsheba,BB,2022-03-13 03:26:55,13.2167,-59.5167,77.61,73,40,23.02
280,Necochea,AR,2022-03-13 03:26:56,-38.5473,-58.7368,58.53,60,5,11.83
281,Merauke,ID,2022-03-13 03:26:56,-8.4667,140.3333,85.03,74,100,8.37
282,Owando,CG,2022-03-13 03:26:57,-0.4819,15.8999,69.75,91,100,1.63
283,Tibati,CM,2022-03-13 03:26:57,6.4667,12.6333,67.46,62,34,0.56
284,Ahuimanu,US,2022-03-13 03:26:57,21.4447,-157.8378,80.31,64,0,13.8
285,Norton,ZW,2022-03-13 03:26:58,-17.8833,30.7,61.29,96,44,4.12
286,Grand Forks,US,2022-03-13 03:26:58,47.9417,-97.4337,31.93,86,0,18.41
287,Kupang,ID,2022-03-13 03:26:59,-10.1667,123.5833,85.87,70,92,1.43
288,Ouadda,CF,2022-03-13 03:26:59,8.0777,22.4007,64.74,84,72,0.76
289,Ivdel,RU,2022-03-13 03:26:59,60.6911,60.4206,8.55,96,100,3.47
290,Kisangani,CD,2022-03-13 03:27:00,0.5167,25.2,69.94,100,100,0.4
291,Midland,US,2022-03-13 03:22:17,31.9974,-102.0779,48.87,17,0,10.36
292,Broome,US,2022-03-13 03:27:00,42.2506,-75.833,17.85,77,100,20.71
293,Biak,ID,2022-03-13 03:27:01,-0.9131,122.8766,84.2,70,71,1.52
294,Waingapu,ID,2022-03-13 03:27:01,-9.6567,120.2641,86.11,70,96,7.81
295,Yar-Sale,RU,2022-03-13 03:27:01,66.8333,70.8333,8.65,95,100,9.8
296,Manta,EC,2022-03-13 03:27:02,-0.95,-80.7333,78.58,89,20,0.0
297,Cotonou,BJ,2022-03-13 03:27:02,6.3654,2.4183,81.79,79,90,9.89
298,Salamiyah,SY,2022-03-13 03:27:03,35.0113,37.0532,38.14,97,100,9.62
299,Pangody,RU,2022-03-13 03:27:03,65.85,74.4859,0.61,96,94,9.13
300,Birin,NP,2022-03-13 03:27:04,26.8865,88.0718,69.67,25,0,3.42
301,Filingue,NE,2022-03-13 03:27:04,14.3521,3.3168,77.09,20,100,8.72
302,Denpasar,ID,2022-03-13 03:24:09,-8.65,115.2167,87.46,74,20,4.61
303,Sao Filipe,CV,2022-03-13 03:27:05,14.8961,-24.4956,74.32,57,1,12.12
304,Klaksvik,FO,2022-03-13 03:27:05,62.2266,-6.589,40.12,88,85,14.58
305,Mount Gambier,AU,2022-03-13 03:27:06,-37.8333,140.7667,84.11,18,5,5.75
306,Bell Ville,AR,2022-03-13 03:27:06,-32.6259,-62.6887,56.8,77,84,7.02
307,Saint-Pierre,RE,2022-03-13 03:27:06,-21.3393,55.4781,78.48,86,75,11.5
308,Rawson,AR,2022-03-13 03:27:07,-43.3002,-65.1023,54.86,67,11,5.75
309,Nikolskoye,RU,2022-03-13 03:27:07,59.7035,30.7861,30.78,97,98,4.34
310,Honiara,SB,2022-03-13 03:27:08,-9.4333,159.95,83.08,77,98,5.14
311,Jalu,LY,2022-03-13 03:27:09,29.0331,21.5482,51.62,59,71,8.79
312,Samarai,PG,2022-03-13 03:27:09,-10.6167,150.6667,85.78,71,97,15.39
313,Mnogovershinnyy,RU,2022-03-13 03:27:10,53.9353,139.9242,19.06,81,100,0.65
314,Touros,BR,2022-03-13 03:27:10,-5.1989,-35.4608,78.82,80,91,5.73
315,Ust-Karsk,RU,2022-03-13 03:27:11,52.7011,118.8077,22.98,79,95,2.01
316,Roma,US,2022-03-13 03:27:12,43.2128,-75.4557,19.54,71,100,23.0
317,Menongue,AO,2022-03-13 03:27:12,-14.6585,17.691,63.84,97,100,3.94
318,Roebourne,AU,2022-03-13 03:27:12,-20.7833,117.1333,99.46,27,0,3.18
319,Iqaluit,CA,2022-03-13 03:27:13,63.7506,-68.5145,-22.27,76,20,0.0
320,Labuhan,ID,2022-03-13 03:27:14,-6.8844,112.2051,84.27,75,92,2.73
321,Pianco,BR,2022-03-13 03:27:14,-7.1981,-37.9292,76.5,78,100,5.08
322,Tongliao,CN,2022-03-13 03:27:14,43.6125,122.2653,33.31,70,100,12.88
323,Vila,PT,2022-03-13 03:27:15,42.0304,-8.1588,34.68,93,87,5.01
324,Cabo San Lucas,MX,2022-03-13 03:27:15,22.8909,-109.9124,69.51,69,0,4.61
325,Nara,JP,2022-03-13 03:27:16,34.6851,135.8049,69.49,36,100,8.1
326,Muli,MV,2022-03-13 03:27:16,2.9167,73.5667,82.6,71,37,8.97
327,Evensk,RU,2022-03-13 03:27:16,61.95,159.2333,21.87,81,86,6.73
328,Vilyuysk,RU,2022-03-13 03:27:17,63.7553,121.6247,1.42,92,100,2.66
329,Mola Di Bari,IT,2022-03-13 03:27:17,41.0609,17.0873,39.58,69,9,4.05
330,Sao Jose Da Coroa Grande,BR,2022-03-13 03:27:18,-8.8978,-35.1478,79.27,80,100,5.48
331,Mount Isa,AU,2022-03-13 03:27:18,-20.7333,139.5,96.57,30,1,10.36
332,Nayoro,JP,2022-03-13 03:27:19,44.3506,142.4578,37.35,74,59,0.96
333,Yantal,RU,2022-03-13 03:27:19,56.8471,105.2542,4.19,88,100,3.53
334,Marystown,CA,2022-03-13 03:23:05,47.1666,-55.1483,43.86,100,100,17.0
335,Luganville,VU,2022-03-13 03:27:20,-15.5333,167.1667,83.19,81,95,8.43
336,Moranbah,AU,2022-03-13 03:27:20,-22.0016,148.0466,89.17,36,0,17.2
337,Jaciara,BR,2022-03-13 03:27:20,-15.9653,-54.9683,71.37,95,100,2.95
338,Birjand,IR,2022-03-13 03:27:21,32.8663,59.2211,61.27,44,75,9.22
339,Clyde River,CA,2022-03-13 03:27:21,70.4692,-68.5914,-27.17,68,0,4.61
340,Kysyl-Syr,RU,2022-03-13 03:27:22,63.8986,122.7617,2.48,91,96,3.83
341,Lesnoy,RU,2022-03-13 03:27:22,57.6198,63.0784,-14.48,100,95,3.58
342,Vondrozo,MG,2022-03-13 03:27:23,-22.8167,47.2833,66.42,99,100,2.39
343,Puerto Colombia,CO,2022-03-13 03:24:00,10.9878,-74.9547,80.69,85,99,19.39
344,Geraldton,AU,2022-03-13 03:27:23,-28.7667,114.6,81.01,47,53,10.36
345,Ewa Beach,US,2022-03-13 03:27:24,21.3156,-158.0072,80.55,51,20,13.8
346,Bagado,CO,2022-03-13 03:27:24,5.4116,-76.4152,73.24,96,99,2.24
347,Calama,CL,2022-03-13 03:27:25,-22.4667,-68.9333,57.69,62,0,6.91
348,Hambantota,LK,2022-03-13 03:27:25,6.1241,81.1185,80.94,94,20,5.75
349,Valparaiso,CL,2022-03-13 03:27:25,-33.0393,-71.6273,63.48,70,0,4.61
350,San-Pedro,CI,2022-03-13 03:27:26,4.7485,-6.6363,78.69,88,100,5.48
351,Anadyr,RU,2022-03-13 03:27:26,64.75,177.4833,9.1,71,0,6.71
352,Porto Torres,IT,2022-03-13 03:27:27,40.835,8.3972,51.98,82,100,20.13
353,Manchester,GB,2022-03-13 03:27:20,53.4809,-2.2374,48.38,77,75,9.22
354,Carahue,CL,2022-03-13 03:27:27,-38.7,-73.1667,52.97,96,23,2.35
355,West Bay,KY,2022-03-13 03:27:28,19.3667,-81.4167,80.67,82,20,3.44
356,Kingaroy,AU,2022-03-13 03:27:28,-26.5333,151.8333,78.84,53,40,11.5
357,Edgewater,US,2022-03-13 03:27:28,28.9889,-80.9023,50.02,31,0,13.8
358,Santa Maria,BR,2022-03-13 03:27:29,-29.6842,-53.8069,63.7,88,20,8.05
359,Furth Im Wald,DE,2022-03-13 03:27:29,49.3097,12.84,27.05,66,0,4.72
360,Harlingen,US,2022-03-13 03:26:17,26.1906,-97.6961,51.89,65,0,6.91
361,Muros,ES,2022-03-13 03:27:30,42.7762,-9.0603,44.1,94,15,11.3
362,Nevers,FR,2022-03-13 03:27:30,46.9167,3.3333,39.58,89,12,7.38
363,Qasigiannguit,GL,2022-03-13 03:27:30,68.8193,-51.1922,7.05,95,100,7.18
364,Nola,IT,2022-03-13 03:27:31,40.922,14.5329,44.92,63,82,4.81
365,Vostok,RU,2022-03-13 03:27:31,46.4856,135.8833,28.69,92,100,1.54
366,Santo Antonio Do Ica,BR,2022-03-13 03:27:32,-3.1022,-67.9397,73.38,97,100,2.66
367,Maniitsoq,GL,2022-03-13 03:27:32,65.4167,-52.9,0.79,97,100,4.0
368,Port-Gentil,GA,2022-03-13 03:27:33,-0.7193,8.7815,78.53,84,100,12.71
369,Bereda,ES,2022-03-13 03:27:33,43.2686,-7.5406,40.41,100,85,3.58
370,Aksay,RU,2022-03-13 03:27:34,47.26,39.87,20.25,64,20,5.99
371,Balangir,IN,2022-03-13 03:27:05,20.7167,83.4833,81.09,18,4,4.5
372,Kincardine,GB,2022-03-13 03:27:34,56.0667,-3.7167,46.18,88,100,11.36
373,Nuuk,GL,2022-03-13 03:27:34,64.1835,-51.7216,5.61,85,100,6.91
374,Kikwit,CD,2022-03-13 03:27:35,-5.041,18.8162,69.04,97,100,1.41
375,Martapura,ID,2022-03-13 03:27:35,-3.4167,114.85,86.09,79,40,6.91
376,Fairbanks,US,2022-03-13 03:27:15,64.8378,-147.7164,10.36,44,0,17.27
377,Bartica,GY,2022-03-13 03:27:36,6.4,-58.6167,71.82,99,17,1.86
378,Yulara,AU,2022-03-13 03:27:36,-25.2406,130.9889,96.64,11,40,10.36
379,Sungairaya,ID,2022-03-13 03:27:37,0.7,108.9,86.94,56,49,3.22
380,Hobyo,SO,2022-03-13 03:27:37,5.3505,48.5268,77.13,76,84,12.82
381,Paamiut,GL,2022-03-13 03:27:37,61.994,-49.6678,8.92,93,100,8.41
382,Malaya Purga,RU,2022-03-13 03:27:38,56.5567,53.0043,-0.49,100,73,2.64
383,Amurzet,RU,2022-03-13 03:27:38,47.6967,131.0981,27.18,88,100,8.99
384,Vestmannaeyjar,IS,2022-03-13 03:27:39,63.4427,-20.2734,39.18,55,99,9.89
385,Saint George,US,2022-03-13 03:22:56,37.1041,-113.5841,58.62,23,0,0.0
386,Fernley,US,2022-03-13 03:23:56,39.608,-119.2518,53.74,33,43,16.26
387,Yurla,RU,2022-03-13 03:27:39,59.3259,54.3223,11.62,95,100,6.29
388,Batemans Bay,AU,2022-03-13 03:27:40,-35.7167,150.1833,73.09,62,48,8.84
389,Sisimiut,GL,2022-03-13 03:27:40,66.9395,-53.6735,-4.02,97,100,4.61
390,Puerto Varas,CL,2022-03-13 03:27:41,-41.3195,-72.9854,48.42,100,0,2.3
391,Praia Da Vitoria,PT,2022-03-13 03:27:41,38.7333,-27.0667,55.76,71,20,15.75
392,Itarema,BR,2022-03-13 03:27:41,-2.9248,-39.9167,76.55,84,96,3.51
393,La Macarena,CO,2022-03-13 03:27:42,2.1837,-73.7849,74.44,88,100,1.43
394,Palana,RU,2022-03-13 03:27:42,59.1167,159.9667,18.52,81,54,5.68
395,Tecpan,GT,2022-03-13 03:27:43,14.7623,-90.9947,51.39,92,13,5.95
396,Carutapera,BR,2022-03-13 03:27:43,-1.195,-46.02,75.25,94,100,4.65
397,Trani,IT,2022-03-13 03:27:43,41.2727,16.4154,36.86,61,3,3.0
398,Gavrilov-Yam,RU,2022-03-13 03:27:44,57.3018,39.8533,26.44,94,100,5.39
399,Sangin,AF,2022-03-13 03:27:44,32.0728,64.8359,68.14,44,3,8.48
400,Verkh-Chebula,RU,2022-03-13 03:27:45,56.0308,87.6218,-5.82,99,100,4.16
401,Grindavik,IS,2022-03-13 03:25:03,63.8424,-22.4338,33.75,86,75,9.22
402,Port-Cartier,CA,2022-03-13 03:27:08,50.0334,-66.8654,14.22,85,100,17.49
403,Antalaha,MG,2022-03-13 03:27:45,-14.9003,50.2788,73.45,90,100,6.33
404,Mehamn,NO,2022-03-13 03:27:46,71.0357,27.8492,31.93,93,96,8.59
405,Bac Lieu,VN,2022-03-13 03:27:46,9.285,105.7244,85.48,67,63,20.11
406,Cabedelo,BR,2022-03-13 03:27:46,-6.9811,-34.8339,79.47,80,84,9.51
407,Cap-Haitien,HT,2022-03-13 03:27:47,19.7578,-72.2042,77.4,80,31,6.11
408,Keningau,MY,2022-03-13 03:27:47,5.3378,116.1602,86.07,65,98,2.24
409,Tiarei,PF,2022-03-13 03:27:48,-17.5333,-149.3333,84.22,75,99,8.61
410,Baykit,RU,2022-03-13 03:27:48,61.67,96.37,-5.69,89,27,1.86
411,Burnie,AU,2022-03-13 03:27:48,-41.0667,145.9167,72.91,68,5,6.17
412,Cooma,AU,2022-03-13 03:27:49,-36.2333,149.1333,69.57,49,5,8.05
413,San Pedro De Cajas,PE,2022-03-13 03:27:49,-11.2511,-75.8617,42.62,94,100,2.89
414,Kangaatsiaq,GL,2022-03-13 03:27:50,68.3065,-53.4641,-5.19,92,100,8.3
415,Sioux Lookout,CA,2022-03-13 03:27:50,50.1001,-91.917,8.67,85,100,6.91
416,Draper,US,2022-03-13 03:27:50,40.5247,-111.8638,42.98,58,0,10.36
417,Vila Franca Do Campo,PT,2022-03-13 03:27:51,37.7167,-25.4333,54.19,76,64,7.36
418,Danville,US,2022-03-13 03:27:51,36.586,-79.395,27.25,47,0,11.99
419,Bowen,AU,2022-03-13 03:27:52,-20.0167,148.2333,83.46,65,100,21.3
420,Mbekenyera,TZ,2022-03-13 03:27:15,-10.0,38.9833,68.41,98,99,2.26
421,Ust-Kuyga,RU,2022-03-13 03:27:52,70.0167,135.6,-4.18,91,100,6.08
422,Dunedin,NZ,2022-03-13 03:27:53,-45.8742,170.5036,62.1,75,21,11.5
423,Paracuru,BR,2022-03-13 03:27:53,-3.41,-39.0306,80.11,89,100,4.29
424,Xuddur,SO,2022-03-13 03:27:53,4.1213,43.8894,68.36,80,41,14.32
425,Tura,IN,2022-03-13 03:27:54,25.5198,90.2201,83.73,20,50,2.89
426,Shitanjing,CN,2022-03-13 03:27:54,39.2342,106.3439,57.88,17,97,12.33
427,Penzance,GB,2022-03-13 03:27:54,50.1186,-5.5371,48.88,81,93,32.5
428,Dudinka,RU,2022-03-13 03:27:55,69.4058,86.1778,-21.42,99,51,7.9
429,Nicoya,CR,2022-03-13 03:27:55,10.1483,-85.452,79.45,67,46,3.69
430,Payo,ID,2022-03-13 03:27:56,-3.7508,103.6372,82.62,75,100,2.21
431,Olutanga,PH,2022-03-13 03:27:56,7.3106,122.8464,82.65,74,86,2.73
432,Petropavlovsk-Kamchatskiy,RU,2022-03-13 03:27:56,53.0452,158.6483,34.39,44,20,8.95
433,Ketchikan,US,2022-03-13 03:26:22,55.3422,-131.6461,42.78,87,0,5.75
434,Half Moon Bay,US,2022-03-13 03:27:57,37.4636,-122.4286,54.63,80,100,17.27
435,Semnan,IR,2022-03-13 03:27:57,35.5729,53.3971,53.64,27,100,1.43
436,Panaitolion,GR,2022-03-13 03:27:58,38.5833,21.45,38.91,60,0,5.12
437,Zarand,IR,2022-03-13 03:27:58,30.8127,56.564,60.96,33,95,7.87
438,Caraballeda,VE,2022-03-13 03:27:59,10.6112,-66.8522,75.27,88,20,2.3
439,Sur,OM,2022-03-13 03:27:59,22.5667,59.5289,79.11,42,6,4.92
440,Cidreira,BR,2022-03-13 03:25:40,-30.1811,-50.2056,70.2,68,100,7.74
441,Gull Lake,CA,2022-03-13 03:27:59,50.1001,-108.4847,26.42,85,95,9.19
442,Abu Samrah,SY,2022-03-13 03:28:00,35.3029,37.1841,38.39,96,99,7.27
443,Sinnamary,GF,2022-03-13 03:28:00,5.3833,-52.95,76.1,91,100,10.42
444,Barcarena,BR,2022-03-13 03:28:01,-1.5058,-48.6258,77.05,90,100,7.31
445,Pahrump,US,2022-03-13 03:28:01,36.2083,-115.9839,55.83,13,0,3.0
446,Khandyga,RU,2022-03-13 03:28:01,62.6667,135.6,3.69,89,100,1.72
447,Lazarev,RU,2022-03-13 03:28:02,52.225,141.5131,18.3,88,42,3.62
448,Aginskoye,RU,2022-03-13 03:28:03,51.1,114.53,18.95,73,99,3.74
449,Coquimbo,CL,2022-03-13 03:28:03,-29.9533,-71.3436,58.73,88,0,3.44
450,Naron,ES,2022-03-13 03:28:04,43.5167,-8.1528,47.01,82,76,11.88
451,Odienne,CI,2022-03-13 03:28:04,9.51,-7.5692,74.26,35,38,2.55
452,Sao Sebastiao,BR,2022-03-13 03:28:05,-23.76,-45.4097,74.39,92,100,2.21
453,Atbasar,KZ,2022-03-13 03:28:05,51.8,68.3333,7.95,93,100,13.38
454,Cervo,ES,2022-03-13 03:28:05,43.6702,-7.4101,47.3,80,94,13.91
455,Rosetta,EG,2022-03-13 03:28:06,31.4044,30.4164,49.05,74,99,7.81
456,Najran,SA,2022-03-13 03:28:06,17.4924,44.1277,61.45,63,2,5.46
457,Ibague,CO,2022-03-13 03:28:07,4.4389,-75.2322,66.27,88,100,3.24
458,Ukiah,US,2022-03-13 03:25:43,39.1502,-123.2078,53.49,82,100,8.05
459,Berlevag,NO,2022-03-13 03:28:07,70.8578,29.0864,30.72,80,89,8.86
460,San Patricio,US,2022-03-13 03:28:08,28.017,-97.5169,50.85,39,69,5.61
461,Talnakh,RU,2022-03-13 03:28:08,69.4865,88.3972,-19.66,94,42,8.12
462,Riohacha,CO,2022-03-13 03:28:09,11.5444,-72.9072,79.97,69,100,11.16
463,Vizinga,RU,2022-03-13 03:28:09,61.0749,50.1031,19.76,97,96,5.19
464,Havelock,US,2022-03-13 03:28:10,34.8791,-76.9013,35.55,50,0,18.41
465,Pochutla,MX,2022-03-13 03:28:10,15.7432,-96.4661,79.83,67,30,1.95
466,Xining,CN,2022-03-13 03:28:11,36.6167,101.7667,52.25,11,1,1.21
467,Abu Kamal,SY,2022-03-13 03:28:11,34.4506,40.9171,43.81,78,2,8.01
468,Atar,MR,2022-03-13 03:28:12,20.5169,-13.0499,67.17,12,0,6.42
469,Gamba,GA,2022-03-13 03:28:12,-2.65,10.0,73.83,93,100,4.27
470,Zemio,CF,2022-03-13 03:28:12,5.0314,25.1361,67.32,96,100,2.51
471,Glogova,RO,2022-03-13 03:28:13,44.9281,22.9067,26.17,60,58,3.36
472,Solnechnyy,RU,2022-03-13 03:28:13,50.7214,136.6319,22.14,86,100,5.12
473,Lagdo,CM,2022-03-13 03:28:14,9.05,13.7333,76.57,22,37,0.98
474,Nueve De Julio,AR,2022-03-13 03:28:14,-35.4444,-60.8831,55.94,63,0,8.25
475,Balkanabat,TM,2022-03-13 03:28:15,39.5108,54.3671,43.88,64,65,3.09
476,Matagami,CA,2022-03-13 03:28:15,49.7502,-77.6328,-2.09,84,0,11.5
477,Lorengau,PG,2022-03-13 03:28:16,-2.0226,147.2712,85.95,67,100,7.02
478,Pietarsaari,FI,2022-03-13 03:28:16,63.65,22.6833,21.99,89,100,5.99
479,Alta Floresta,BR,2022-03-13 03:28:16,-9.8756,-56.0861,72.23,96,98,0.81
480,Kirakira,SB,2022-03-13 03:28:17,-10.4544,161.9205,83.21,78,100,3.71
481,Lakes Entrance,AU,2022-03-13 03:28:17,-37.8811,147.981,80.17,58,7,7.36
482,Caravelas,BR,2022-03-13 03:28:18,-17.7125,-39.2481,76.19,86,6,5.3
483,Bontang,ID,2022-03-13 03:28:18,0.1333,117.5,80.04,87,100,5.97
484,Rosario Oeste,BR,2022-03-13 03:28:18,-14.8361,-56.4275,71.38,98,98,2.93
485,Dehloran,IR,2022-03-13 03:28:19,32.6941,47.2679,58.84,29,99,4.59
486,Arlit,NE,2022-03-13 03:28:19,18.7369,7.3853,68.29,13,2,8.14
487,Barra Patuca,HN,2022-03-13 03:28:20,15.8,-84.2833,78.42,79,3,6.91
488,Mukhen,RU,2022-03-13 03:28:20,48.1,136.1,29.03,85,100,3.58
489,Matias Romero,MX,2022-03-13 03:28:21,16.8833,-95.0333,60.33,71,74,19.35
490,Oranjemund,NA,2022-03-13 03:28:21,-28.55,16.4333,64.08,94,35,6.04
491,Itamaraca,BR,2022-03-13 03:28:22,-7.7478,-34.8256,82.45,79,97,6.24
492,Postojna,SI,2022-03-13 03:26:10,45.7769,14.2167,31.35,48,0,8.99
493,La Baule-Escoublac,FR,2022-03-13 03:28:22,47.2922,-2.364,49.66,92,0,10.36
494,Bilma,NE,2022-03-13 03:28:23,18.6853,12.9164,62.83,17,1,10.89
495,Palmer,US,2022-03-13 03:27:02,42.1584,-72.3287,22.5,62,100,26.46
496,Alice Springs,AU,2022-03-13 03:23:43,-23.7,133.8833,92.75,14,1,9.22
497,Adrar,MR,2022-03-13 03:28:24,20.5022,-10.0711,64.78,14,0,8.03
498,Dongsheng,CN,2022-03-13 03:28:24,39.8161,109.9776,53.91,28,78,6.26
499,Klerksdorp,ZA,2022-03-13 03:28:25,-26.8521,26.6667,62.91,72,16,4.59
500,Kamsack,CA,2022-03-13 03:28:25,51.5667,-101.9009,24.82,91,99,14.81
501,Saryg-Sep,RU,2022-03-13 03:28:26,51.5,95.6,14.72,92,100,1.48
502,Dawlatabad,AF,2022-03-13 03:28:26,36.4141,64.9053,62.35,74,100,4.76
503,Komsomolskiy,UZ,2022-03-13 03:28:27,40.4272,71.7189,50.72,93,75,4.61
504,El Alto,PE,2022-03-13 03:28:27,-4.2714,-81.2147,76.15,82,100,3.2
505,Salta,AR,2022-03-13 03:28:27,-24.7859,-65.4117,56.57,87,40,4.0
506,Joao Pinheiro,BR,2022-03-13 03:28:28,-17.7425,-46.1725,71.17,70,78,2.59
507,Oistins,BB,2022-03-13 03:25:16,13.0667,-59.5333,77.09,73,40,23.02
508,Sai Buri,TH,2022-03-13 03:26:12,6.7013,101.6168,82.11,67,100,8.48
509,Chanthaburi,TH,2022-03-13 03:28:29,12.8333,102.1667,82.49,57,99,1.52
510,Okhotsk,RU,2022-03-13 03:28:29,59.3833,143.3,22.77,85,100,3.02
511,Sovetskiy,RU,2022-03-13 03:28:30,61.3614,63.5842,6.46,94,100,8.19
512,Birao,CF,2022-03-13 03:28:30,10.2849,22.7882,71.89,19,10,5.75
513,Siavonga,ZM,2022-03-13 03:28:30,-16.5382,28.7088,71.8,80,100,4.59
514,Srandakan,ID,2022-03-13 03:28:31,-7.9386,110.2506,86.54,67,72,5.08
515,Skovorodino,RU,2022-03-13 03:28:31,53.9833,123.9167,16.65,68,100,3.85
516,Saint Pete Beach,US,2022-03-13 03:28:32,27.7253,-82.7412,56.16,55,12,10.0
517,Korla,CN,2022-03-13 03:28:32,41.7597,86.1469,53.02,35,99,6.11
518,Talaya,RU,2022-03-13 03:28:32,61.3833,152.75,4.41,85,100,4.38
519,Phuthaditjhaba,ZA,2022-03-13 03:28:33,-28.5242,28.8158,56.8,90,25,2.13
520,Byron Bay,AU,2022-03-13 03:28:15,-28.65,153.6167,73.94,73,39,9.53
521,Lewistown,US,2022-03-13 03:28:33,40.5992,-77.5714,19.72,80,40,17.27
522,Acapulco,MX,2022-03-13 03:25:05,16.8634,-99.8901,75.02,83,0,4.61
523,Tombouctou,ML,2022-03-13 03:28:34,20.0,-3.0,65.75,12,0,11.61
524,Huarmey,PE,2022-03-13 03:28:34,-10.0681,-78.1522,73.85,79,90,7.16
525,Ossora,RU,2022-03-13 03:28:35,59.2353,163.0719,26.33,78,19,3.96
526,Hualmay,PE,2022-03-13 03:28:35,-11.0964,-77.6139,72.77,81,94,6.89
527,Hella,NO,2022-03-13 03:28:35,67.2,14.4333,41.14,52,39,14.97
528,Aquiraz,BR,2022-03-13 03:28:36,-3.9014,-38.3911,81.05,85,100,5.68
529,Sam Roi Yot,TH,2022-03-13 03:28:37,12.2708,99.872,90.97,51,95,4.41
530,Avera,US,2022-03-13 03:28:37,33.194,-82.5271,32.38,48,0,11.43
531,Santa Cruz Cabralia,BR,2022-03-13 03:25:04,-16.2781,-39.0247,80.83,78,40,9.22
532,Aklavik,CA,2022-03-13 03:28:38,68.2191,-135.0107,-12.86,87,66,8.1
533,Los Llanos De Aridane,ES,2022-03-13 03:28:38,28.6585,-17.9182,58.75,83,0,4.61
534,Udachnyy,RU,2022-03-13 03:28:38,66.4167,112.4,-12.55,93,96,1.45
535,Sohbatpur,PK,2022-03-13 03:28:39,28.5202,68.5434,82.62,23,98,7.94
536,Whitehorse,CA,2022-03-13 03:28:39,60.7161,-135.0538,12.81,81,100,13.8
537,Beyneu,KZ,2022-03-13 03:28:40,45.3167,55.2,31.32,88,96,13.13
538,Berezovka,BY,2022-03-13 03:28:40,53.7214,25.4993,30.0,85,75,5.1
539,Laguna,US,2022-03-13 03:28:41,38.421,-121.4238,59.14,58,75,16.11
540,Jasper,US,2022-03-13 03:28:41,37.2001,-94.3502,37.45,54,0,13.8
541,Kumbhraj,IN,2022-03-13 03:28:41,24.3667,77.05,77.74,23,0,4.65
542,Pangkalanbuun,ID,2022-03-13 03:28:42,-2.6833,111.6167,92.05,51,32,2.44
543,Lake Havasu City,US,2022-03-13 03:28:42,34.4839,-114.3224,68.09,11,0,5.75
544,Lasa,IT,2022-03-13 03:28:42,46.6166,10.7002,32.88,97,89,3.36
545,Puyang,CN,2022-03-13 03:28:43,29.4603,119.8861,72.27,72,81,2.68
546,Bengbu,CN,2022-03-13 03:28:43,32.9408,117.3608,73.63,59,8,1.77
