City_ID,City,Lat,Lng,Max Temp,Humidity,Cloudiness,Wind Speed,Country,Current Description,Date
0,Oistins,13.0667,-59.5333,77.09,73,40,20.71,BB,scattered clouds,2022-03-15 07:23:26
1,Laguna,38.421,-121.4238,61.09,64,40,8.05,US,scattered clouds,2022-03-15 07:18:34
2,Ginir,7.1333,40.7,72.03,34,0,8.46,ET,clear sky,2022-03-15 07:23:27
3,Jumla,29.2747,82.1838,71.02,23,0,6.73,NP,clear sky,2022-03-15 07:23:27
4,Sept-Iles,50.2001,-66.3821,10.92,92,20,6.91,CA,few clouds,2022-03-15 07:21:56
5,Hobart,-42.8794,147.3294,67.86,87,75,11.5,AU,broken clouds,2022-03-15 07:23:28
6,Bakaly,55.1789,53.8028,13.89,88,82,7.76,RU,broken clouds,2022-03-15 07:23:28
7,Thaba-Tseka,-29.522,28.6084,54.3,74,42,3.15,LS,scattered clouds,2022-03-15 07:20:21
8,Barrow,71.2906,-156.7887,-0.38,71,100,10.36,US,overcast clouds,2022-03-15 07:23:29
9,Leningradskiy,69.3833,178.4167,-17.09,97,35,3.22,RU,scattered clouds,2022-03-15 07:23:29
10,Pafos,34.7667,32.4167,53.38,32,20,9.22,CY,few clouds,2022-03-15 07:23:30
11,Hermanus,-34.4187,19.2345,64.8,70,2,10.22,ZA,clear sky,2022-03-15 07:23:30
12,Saint-Francois,46.4154,3.9054,54.84,62,0,17.27,FR,clear sky,2022-03-15 07:23:31
13,Kosa,59.9445,54.9977,17.4,81,16,4.47,RU,few clouds,2022-03-15 07:23:31
14,Hilo,19.7297,-155.09,70.11,85,0,1.01,US,clear sky,2022-03-15 07:21:04
15,Sawakin,19.1059,37.3321,74.44,56,56,17.98,SD,broken clouds,2022-03-15 07:23:32
16,Saquena,-4.6667,-73.5167,71.26,98,100,1.81,PE,overcast clouds,2022-03-15 07:23:32
17,Pevek,69.7008,170.3133,-19.48,99,14,3.6,RU,few clouds,2022-03-15 07:21:56
18,Rikitea,-23.1203,-134.9692,79.25,76,57,13.89,PF,broken clouds,2022-03-15 07:23:33
19,Ancud,-41.8697,-73.8203,59.23,94,6,3.71,CL,clear sky,2022-03-15 07:23:33
20,Geraldton,-28.7667,114.6,81.01,57,100,17.27,AU,overcast clouds,2022-03-15 07:23:33
21,Cherskiy,68.75,161.3,-12.89,99,23,3.0,RU,few clouds,2022-03-15 07:23:34
22,Ushuaia,-54.8,-68.3,38.86,93,100,5.75,AR,moderate rain,2022-03-15 07:23:04
23,Saskylakh,71.9167,114.0833,-6.57,98,88,2.71,RU,overcast clouds,2022-03-15 07:23:35
24,Avarua,-21.2078,-159.775,78.85,89,100,2.3,CK,overcast clouds,2022-03-15 07:23:35
25,Dikson,73.5069,80.5464,6.53,94,100,13.8,RU,overcast clouds,2022-03-15 07:23:35
26,Helong,42.5397,128.9972,41.65,59,100,0.72,CN,overcast clouds,2022-03-15 07:23:36
27,Zemen,42.4789,22.7492,36.18,52,100,1.92,BG,overcast clouds,2022-03-15 07:23:36
28,Lompoc,34.6391,-120.4579,53.49,86,100,24.0,US,overcast clouds,2022-03-15 07:20:48
29,Bara,10.3744,10.7288,80.17,18,40,11.3,NG,scattered clouds,2022-03-15 07:23:37
30,Vaini,-21.2,-175.2,78.96,94,75,3.44,TO,thunderstorm,2022-03-15 07:23:37
31,New Norfolk,-42.7826,147.0587,67.5,75,100,4.0,AU,overcast clouds,2022-03-15 07:23:37
32,Raga,8.4596,25.678,79.77,13,88,11.12,SS,overcast clouds,2022-03-15 07:23:38
33,Provideniya,64.3833,-173.3,-0.58,88,4,5.91,RU,clear sky,2022-03-15 07:23:38
34,Kapaa,22.0752,-159.319,73.72,77,40,10.36,US,scattered clouds,2022-03-15 07:23:39
35,Viedma,-40.8135,-62.9967,60.51,53,61,8.79,AR,broken clouds,2022-03-15 07:23:39
36,Chuy,-33.6971,-53.4616,59.63,88,0,6.02,UY,clear sky,2022-03-15 07:23:40
37,Norman Wells,65.282,-126.8329,-12.96,64,40,0.0,CA,scattered clouds,2022-03-15 07:23:40
38,Manzil Salim,35.8567,8.4765,50.85,75,66,13.8,TN,broken clouds,2022-03-15 07:23:41
39,Ushtobe,45.2514,77.9838,37.26,97,100,6.58,KZ,moderate rain,2022-03-15 07:23:41
40,Mar Del Plata,-38.0023,-57.5575,63.88,90,100,10.0,AR,overcast clouds,2022-03-15 07:22:41
41,Punta Arenas,-53.15,-70.9167,51.91,87,40,18.41,CL,light rain,2022-03-15 07:23:41
42,Nikolskoye,59.7035,30.7861,34.79,95,50,6.26,RU,scattered clouds,2022-03-15 07:23:42
43,Acapulco,16.8634,-99.8901,75.02,78,0,2.3,MX,clear sky,2022-03-15 07:23:42
44,Mana,5.6592,-53.7767,75.4,92,100,11.52,GF,overcast clouds,2022-03-15 07:23:43
45,Fort Nelson,58.8053,-122.7002,-0.81,78,75,2.3,CA,broken clouds,2022-03-15 07:19:57
46,Qinhuangdao,39.9317,119.5883,56.26,41,0,10.11,CN,clear sky,2022-03-15 07:23:43
47,Arica,-18.475,-70.3042,66.43,72,0,3.44,CL,clear sky,2022-03-15 07:21:20
48,Ardakan,32.31,54.0175,79.16,20,96,25.66,IR,overcast clouds,2022-03-15 07:23:44
49,Bluff,-46.6,168.3333,50.81,70,100,17.31,NZ,overcast clouds,2022-03-15 07:23:44
50,Bredasdorp,-34.5322,20.0403,61.92,67,0,3.44,ZA,clear sky,2022-03-15 07:23:44
51,Maua,-23.6678,-46.4614,69.6,97,68,1.41,BR,light rain,2022-03-15 07:23:45
52,Mahebourg,-20.4081,57.7,85.24,70,40,10.36,MU,scattered clouds,2022-03-15 07:23:45
53,Khatanga,71.9667,102.5,0.54,92,88,5.88,RU,overcast clouds,2022-03-15 07:23:46
54,Tahlequah,35.9154,-94.97,54.09,76,75,3.44,US,broken clouds,2022-03-15 07:23:46
55,Bonavista,48.6499,-53.1147,25.57,64,100,23.38,CA,overcast clouds,2022-03-15 07:23:46
56,Bethel,41.3712,-73.414,44.47,73,0,1.99,US,clear sky,2022-03-15 07:23:47
57,Xuzhou,34.1805,117.1571,74.66,40,74,8.03,CN,broken clouds,2022-03-15 07:23:47
58,Atuona,-9.8,-139.0333,78.89,79,87,14.7,PF,overcast clouds,2022-03-15 07:23:48
59,Faanui,-16.4833,-151.75,81.81,71,100,11.9,PF,overcast clouds,2022-03-15 07:23:48
60,Paamiut,61.994,-49.6678,7.14,87,100,16.44,GL,light snow,2022-03-15 07:23:48
61,Puerto Ayora,-0.7393,-90.3518,74.55,96,50,1.01,EC,scattered clouds,2022-03-15 07:20:20
62,Upernavik,72.7868,-56.1549,-4.07,92,100,30.44,GL,light snow,2022-03-15 07:23:49
63,Castro,-24.7911,-50.0119,62.96,99,100,4.54,BR,overcast clouds,2022-03-15 07:19:16
64,Yanam,16.7333,82.2167,98.22,25,70,6.2,IN,broken clouds,2022-03-15 07:23:49
65,Salalah,17.0151,54.0924,86.09,45,0,9.22,OM,clear sky,2022-03-15 07:23:50
66,Merauke,-8.4667,140.3333,81.48,80,100,1.7,ID,moderate rain,2022-03-15 07:23:50
67,Urucara,-2.5364,-57.76,70.97,99,100,0.34,BR,light rain,2022-03-15 07:23:51
68,Shache,38.4167,77.2406,72.43,15,7,3.89,CN,clear sky,2022-03-15 07:23:51
69,Clyde River,70.4692,-68.5914,-7.37,77,100,6.91,CA,light snow,2022-03-15 07:23:52
70,Bom Jardim,-7.7958,-35.5872,72.66,94,38,2.46,BR,scattered clouds,2022-03-15 07:23:52
71,Puri,19.8,85.85,97.32,41,6,9.31,IN,clear sky,2022-03-15 07:20:22
72,Airai,-8.9266,125.4092,71.89,74,100,4.21,TL,overcast clouds,2022-03-15 07:23:52
73,Butaritari,3.0707,172.7902,81.48,72,87,17.22,KI,overcast clouds,2022-03-15 07:23:53
74,Cairns,-16.9167,145.7667,77.07,100,75,17.27,AU,heavy intensity rain,2022-03-15 07:19:20
75,Veraval,20.9,70.3667,88.23,41,5,11.23,IN,clear sky,2022-03-15 07:23:53
76,Zhicheng,30.2956,111.5047,85.78,38,5,7.85,CN,clear sky,2022-03-15 07:23:54
77,Tateyama,34.9833,139.8667,64.81,54,0,9.75,JP,clear sky,2022-03-15 07:23:54
78,Astana,51.1801,71.446,15.75,79,100,11.18,KZ,overcast clouds,2022-03-15 07:23:55
79,Arraial Do Cabo,-22.9661,-42.0278,75.7,92,100,10.47,BR,overcast clouds,2022-03-15 07:23:55
80,Gornyy,55.1153,83.9059,13.19,81,6,8.63,RU,clear sky,2022-03-15 07:23:55
81,Miramar,25.9873,-80.2323,73.02,88,100,16.11,US,overcast clouds,2022-03-15 07:23:56
82,Srednekolymsk,67.45,153.6833,-6.83,96,27,0.67,RU,scattered clouds,2022-03-15 07:23:56
83,Abu Kamal,34.4506,40.9171,47.86,41,34,8.88,SY,scattered clouds,2022-03-15 07:23:57
84,Albany,42.6001,-73.9662,41.41,71,100,3.98,US,overcast clouds,2022-03-15 07:23:57
85,Fairbanks,64.8378,-147.7164,-6.92,65,75,4.61,US,broken clouds,2022-03-15 07:20:02
86,Powassan,46.0334,-79.3496,16.66,100,100,2.21,CA,overcast clouds,2022-03-15 07:23:57
87,Kavaratti,10.5669,72.642,83.44,70,63,4.34,IN,broken clouds,2022-03-15 07:23:58
88,Potiskum,11.7091,11.0694,75.31,21,0,15.82,NG,clear sky,2022-03-15 07:23:58
89,Mehamn,71.0357,27.8492,39.15,70,75,13.8,NO,broken clouds,2022-03-15 07:23:59
90,Parabel,58.6978,81.4825,8.74,84,41,1.77,RU,scattered clouds,2022-03-15 07:23:59
91,Kenai,60.5544,-151.2583,20.03,85,0,4.61,US,clear sky,2022-03-15 07:23:59
92,Barcelona,41.3888,2.159,59.79,83,75,25.32,ES,light intensity drizzle,2022-03-15 07:24:00
93,Ponta Do Sol,32.6667,-17.1,59.63,72,69,14.47,PT,broken clouds,2022-03-15 07:24:00
94,Coihaique,-45.5752,-72.0662,53.55,82,0,4.61,CL,clear sky,2022-03-15 07:23:31
95,Rawson,-43.3002,-65.1023,65.64,56,8,12.1,AR,clear sky,2022-03-15 07:24:01
96,Iqaluit,63.7506,-68.5145,-14.31,62,75,8.05,CA,broken clouds,2022-03-15 07:24:01
97,Tezu,27.9167,96.1667,98.62,10,4,4.61,IN,clear sky,2022-03-15 07:24:02
98,Mataura,-46.1927,168.8643,50.49,83,100,5.23,NZ,overcast clouds,2022-03-15 07:24:02
99,Parbhani,19.2667,76.7833,97.83,11,7,8.63,IN,clear sky,2022-03-15 07:24:02
100,Nakhon Phanom,17.3333,104.4167,93.0,27,94,5.99,TH,overcast clouds,2022-03-15 07:24:03
101,Angoram,-4.0625,144.0661,85.26,68,100,6.44,PG,overcast clouds,2022-03-15 07:24:04
102,Ketchikan,55.3422,-131.6461,42.78,99,100,4.12,US,moderate rain,2022-03-15 07:24:04
103,Umm Lajj,25.0213,37.2685,67.33,53,0,17.76,SA,clear sky,2022-03-15 07:24:04
104,Tasiilaq,65.6145,-37.6368,30.36,96,100,23.29,GL,snow,2022-03-15 07:24:05
105,Salisbury,51.0693,-1.7957,43.47,100,0,6.91,GB,fog,2022-03-15 07:24:05
106,Nanortalik,60.1432,-45.2371,6.8,75,100,19.73,GL,light snow,2022-03-15 07:24:05
107,Mitsamiouli,-11.3847,43.2844,88.09,66,20,8.05,KM,few clouds,2022-03-15 07:24:06
108,Sorland,67.667,12.6934,42.66,83,11,17.27,NO,few clouds,2022-03-15 07:22:15
109,Dingle,10.9995,122.6711,90.01,58,52,10.25,PH,broken clouds,2022-03-15 07:24:06
110,Marathon,44.9,-89.7668,31.24,94,100,0.0,US,fog,2022-03-15 07:24:07
111,Biak,-0.9131,122.8766,83.28,74,100,0.69,ID,overcast clouds,2022-03-15 07:24:07
112,Twin Falls,42.3505,-114.6445,43.14,49,0,0.0,US,clear sky,2022-03-15 07:24:08
113,Smithers,54.7804,-127.1743,39.52,60,100,5.75,CA,overcast clouds,2022-03-15 07:19:57
114,Victoria,22.2855,114.1577,80.94,70,100,8.99,HK,overcast clouds,2022-03-15 07:23:02
115,Nara,34.6851,135.8049,67.37,46,68,10.63,JP,broken clouds,2022-03-15 07:21:20
116,Akyab,20.15,92.9,84.92,38,39,10.56,MM,scattered clouds,2022-03-15 07:24:09
117,Sonoita,31.85,-112.8333,65.75,16,0,4.18,MX,clear sky,2022-03-15 07:24:09
118,Mae Ramat,16.984,98.5166,95.32,33,100,4.59,TH,overcast clouds,2022-03-15 07:24:09
119,East London,-33.0153,27.9116,63.54,77,20,17.27,ZA,few clouds,2022-03-15 07:24:10
120,Vitoria,-20.3194,-40.3378,76.86,92,20,8.05,BR,few clouds,2022-03-15 07:24:10
121,Vagur,61.4732,-6.8119,43.99,91,100,41.2,FO,overcast clouds,2022-03-15 07:24:11
122,Najran,17.4924,44.1277,81.25,20,0,3.11,SA,clear sky,2022-03-15 07:24:11
123,Thinadhoo,0.5333,72.9333,83.68,71,69,8.08,MV,broken clouds,2022-03-15 07:24:11
124,Salinopolis,-0.6136,-47.3561,77.38,91,100,10.02,BR,overcast clouds,2022-03-15 07:24:12
125,Hualmay,-11.0964,-77.6139,72.46,76,84,6.6,PE,broken clouds,2022-03-15 07:24:12
126,Antalaha,-14.9003,50.2788,84.74,66,64,5.91,MG,broken clouds,2022-03-15 07:24:13
127,Hasaki,35.7333,140.8333,64.29,70,0,14.7,JP,clear sky,2022-03-15 07:24:13
128,Pendleton,45.6721,-118.7886,47.61,90,100,5.75,US,light rain,2022-03-15 07:22:43
129,Tucumcari,35.1717,-103.725,35.44,48,0,4.61,US,clear sky,2022-03-15 07:24:14
130,Sompeta,18.9333,84.6,90.9,30,6,10.0,IN,clear sky,2022-03-15 07:24:14
131,Nyurba,63.2842,118.3319,1.72,80,100,4.03,RU,overcast clouds,2022-03-15 07:24:15
132,Busselton,-33.65,115.3333,76.24,54,100,15.17,AU,overcast clouds,2022-03-15 07:24:15
133,Pisco,-13.7,-76.2167,69.85,78,0,5.75,PE,clear sky,2022-03-15 07:24:15
134,Wanning,18.8003,110.3967,81.18,63,50,7.61,CN,scattered clouds,2022-03-15 07:24:16
135,Carnarvon,-24.8667,113.6333,89.67,33,91,17.27,AU,overcast clouds,2022-03-15 07:24:16
136,Iskateley,67.6803,53.1512,12.81,92,77,10.98,RU,broken clouds,2022-03-15 07:24:17
137,Georgetown,5.4112,100.3354,89.53,73,40,10.36,MY,scattered clouds,2022-03-15 07:20:16
138,Ahipara,-35.1667,173.1667,65.39,80,4,7.78,NZ,clear sky,2022-03-15 07:24:17
139,Kidal,18.4411,1.4078,73.06,11,34,16.73,ML,scattered clouds,2022-03-15 07:24:18
140,Chokurdakh,70.6333,147.9167,-3.1,97,100,5.3,RU,overcast clouds,2022-03-15 07:24:18
141,Cabo San Lucas,22.8909,-109.9124,69.51,41,17,6.38,MX,few clouds,2022-03-15 07:24:19
142,Along,28.1667,94.7667,96.44,15,2,2.8,IN,clear sky,2022-03-15 07:24:19
143,Tabas,33.5959,56.9244,80.82,24,75,0.0,IR,broken clouds,2022-03-15 07:24:20
144,Hammerfest,70.6634,23.6821,39.65,70,0,4.61,NO,clear sky,2022-03-15 07:24:20
145,Brigantine,39.4101,-74.3646,43.02,79,0,5.75,US,clear sky,2022-03-15 07:19:43
146,Kawambwa,-9.7915,29.0791,70.65,81,92,0.49,ZM,overcast clouds,2022-03-15 07:24:21
147,Nuuk,64.1835,-51.7216,0.21,85,100,11.5,GL,overcast clouds,2022-03-15 07:24:21
148,Ponta Delgada,37.7333,-25.6667,58.5,88,40,5.75,PT,scattered clouds,2022-03-15 07:24:21
149,Bonthe,7.5264,-12.505,73.22,92,23,4.45,SL,few clouds,2022-03-15 07:24:22
150,Sabla,12.7525,4.7077,77.68,8,26,15.05,NG,scattered clouds,2022-03-15 07:24:22
151,Port Blair,11.6667,92.75,87.84,70,40,9.22,IN,haze,2022-03-15 07:24:22
152,Young,-32.6833,-57.6333,59.13,72,0,4.09,UY,clear sky,2022-03-15 07:24:23
153,Korla,41.7597,86.1469,61.93,24,100,4.9,CN,overcast clouds,2022-03-15 07:24:23
154,Severo-Kurilsk,50.6789,156.125,29.05,86,88,8.03,RU,overcast clouds,2022-03-15 07:24:24
155,Saint Anthony,45.0205,-93.218,31.14,87,0,0.0,US,clear sky,2022-03-15 07:24:24
156,Solnechnyy,50.7214,136.6319,24.73,88,100,5.26,RU,overcast clouds,2022-03-15 07:24:25
157,Kloulklubed,7.0419,134.2556,82.9,75,18,12.57,PW,few clouds,2022-03-15 07:24:25
158,Mut,36.6439,33.4389,35.35,53,9,22.35,TR,clear sky,2022-03-15 07:24:25
159,Ocos,14.5094,-92.1933,73.58,73,68,5.1,GT,broken clouds,2022-03-15 07:24:26
160,Jamestown,42.097,-79.2353,44.24,33,20,9.22,US,few clouds,2022-03-15 07:24:26
161,Bambous Virieux,-20.3428,57.7575,85.21,70,40,10.36,MU,light rain,2022-03-15 07:24:27
162,Eschwege,51.1833,10.0667,45.52,82,100,3.18,DE,overcast clouds,2022-03-15 07:24:27
163,Souillac,-20.5167,57.5167,84.58,70,40,10.36,MU,light rain,2022-03-15 07:24:28
164,Richards Bay,-28.783,32.0377,65.7,93,100,13.89,ZA,moderate rain,2022-03-15 07:24:28
165,Yerbogachen,61.2767,108.0108,3.11,77,100,6.33,RU,overcast clouds,2022-03-15 07:24:28
166,Port Hardy,50.6996,-127.4199,46.4,93,100,5.75,CA,light rain,2022-03-15 07:24:29
167,Victor Harbor,-35.5667,138.6167,82.02,43,6,11.9,AU,clear sky,2022-03-15 07:24:29
168,Klaksvik,62.2266,-6.589,45.52,94,100,39.84,FO,overcast clouds,2022-03-15 07:24:30
169,Aquiraz,-3.9014,-38.3911,80.06,86,78,1.77,BR,moderate rain,2022-03-15 07:24:30
170,Cape Town,-33.9258,18.4232,68.11,57,0,2.3,ZA,clear sky,2022-03-15 07:19:50
171,Diplo,24.4667,69.584,99.36,12,7,13.27,PK,clear sky,2022-03-15 07:24:09
172,San Ramon De La Nueva Oran,-23.1322,-64.326,66.42,85,100,2.68,AR,overcast clouds,2022-03-15 07:24:31
173,Yumen,40.2833,97.2,54.68,30,100,13.91,CN,overcast clouds,2022-03-15 07:24:31
174,Wajima,37.4,136.9,48.88,76,75,5.75,JP,broken clouds,2022-03-15 07:24:32
175,Waw,7.7029,27.9953,86.58,12,71,10.18,SS,broken clouds,2022-03-15 07:24:32
176,Jurado,7.1053,-77.7641,74.53,92,100,3.74,CO,moderate rain,2022-03-15 07:24:33
177,Lagoa,39.05,-27.9833,59.63,95,100,11.25,PT,overcast clouds,2022-03-15 07:24:33
178,Westport,41.1415,-73.3579,47.75,70,0,4.61,US,clear sky,2022-03-15 07:24:33
179,Olafsvik,64.8945,-23.7142,33.64,60,97,40.31,IS,light snow,2022-03-15 07:24:34
180,Gambela,8.25,34.5833,89.62,37,99,3.24,ET,overcast clouds,2022-03-15 07:24:34
181,Saint-Pierre,-21.3393,55.4781,86.29,71,75,10.36,RE,broken clouds,2022-03-15 07:24:34
182,Tigil,57.8,158.6667,10.54,95,7,3.89,RU,clear sky,2022-03-15 07:24:35
183,Ribeira Brava,32.65,-17.0667,59.63,73,74,12.93,PT,broken clouds,2022-03-15 07:24:35
184,Fereydunshahr,32.941,50.121,38.03,81,60,8.63,IR,broken clouds,2022-03-15 07:20:10
185,Ganzhou,28.8184,115.4327,80.02,58,9,2.35,CN,clear sky,2022-03-15 07:24:36
186,Yuli,9.6989,10.2744,80.83,15,65,9.4,NG,broken clouds,2022-03-15 07:24:37
187,Tucuman,-26.8241,-65.2226,64.4,82,0,9.22,AR,clear sky,2022-03-15 07:20:14
188,Coquimbo,-29.9533,-71.3436,60.53,88,100,4.61,CL,overcast clouds,2022-03-15 07:24:37
189,Sulat,11.8103,125.4544,83.61,73,100,5.59,PH,overcast clouds,2022-03-15 07:24:38
190,Lazaro Cardenas,17.9583,-102.2,71.73,87,1,4.5,MX,clear sky,2022-03-15 07:24:38
191,Shieli,44.1667,66.75,39.29,51,100,10.92,KZ,overcast clouds,2022-03-15 07:24:38
192,Denpasar,-8.65,115.2167,89.26,70,20,10.36,ID,few clouds,2022-03-15 07:21:32
193,Saint George,37.1041,-113.5841,49.78,34,0,4.61,US,clear sky,2022-03-15 07:19:52
194,Murray Bridge,-35.1167,139.2667,90.12,30,3,10.74,AU,clear sky,2022-03-15 07:24:39
195,Artigas,-30.4,-56.4667,60.1,79,0,5.99,UY,clear sky,2022-03-15 07:24:40
196,Goderich,43.7501,-81.7165,34.12,86,100,3.44,CA,overcast clouds,2022-03-15 07:24:40
197,Kalianget,-7.05,113.9333,85.68,70,58,7.11,ID,broken clouds,2022-03-15 07:24:41
198,Agadez,19.75,10.25,63.05,12,79,9.53,NE,broken clouds,2022-03-15 07:24:41
199,Qaanaaq,77.484,-69.3632,4.06,68,100,0.94,GL,overcast clouds,2022-03-15 07:24:42
200,Houma,29.5958,-90.7195,64.99,92,96,4.0,US,overcast clouds,2022-03-15 07:24:42
201,Margate,51.3813,1.3862,45.7,88,75,1.01,GB,broken clouds,2022-03-15 07:24:43
202,Melito Di Porto Salvo,37.9222,15.7714,58.33,54,5,9.22,IT,clear sky,2022-03-15 07:24:43
203,Port Elizabeth,-33.918,25.5701,64.09,77,100,12.66,ZA,overcast clouds,2022-03-15 07:24:43
204,Port Alfred,-33.5906,26.891,64.83,77,93,7.94,ZA,light rain,2022-03-15 07:24:44
205,Yellowknife,62.456,-114.3525,-14.28,76,20,3.44,CA,few clouds,2022-03-15 07:24:44
206,Lavrentiya,65.5833,-171.0,-10.82,91,22,6.51,RU,few clouds,2022-03-15 07:24:44
207,El Dorado,38.7666,-120.5177,52.32,60,88,1.99,US,overcast clouds,2022-03-15 07:24:45
208,Kodiak,57.79,-152.4072,31.51,80,40,0.0,US,scattered clouds,2022-03-15 07:24:45
209,Tuktoyaktuk,69.4541,-133.0374,-18.17,100,93,5.79,CA,overcast clouds,2022-03-15 07:24:46
210,Kalmunai,7.4167,81.8167,84.42,65,100,7.7,LK,overcast clouds,2022-03-15 07:24:46
211,Kruisfontein,-34.0033,24.7314,61.88,74,98,3.83,ZA,light rain,2022-03-15 07:24:46
212,Murray,40.6669,-111.888,41.76,64,0,8.05,US,clear sky,2022-03-15 07:23:26
213,Swan Hill,-35.3378,143.5544,67.14,80,100,10.98,AU,light rain,2022-03-15 07:24:47
214,Fortuna,40.5982,-124.1573,53.92,95,100,3.44,US,overcast clouds,2022-03-15 07:24:48
215,Port Hueneme,34.1478,-119.1951,65.17,85,0,3.44,US,mist,2022-03-15 07:24:48
216,Palmer,42.1584,-72.3287,45.01,66,40,12.66,US,scattered clouds,2022-03-15 07:24:48
217,Pitimbu,-7.4706,-34.8086,77.59,81,23,5.97,BR,few clouds,2022-03-15 07:24:49
218,Sitka,57.0531,-135.33,42.69,75,100,0.0,US,overcast clouds,2022-03-15 07:24:49
219,La Asuncion,11.0333,-63.8628,75.76,82,100,12.28,VE,overcast clouds,2022-03-15 07:24:50
220,Fallon,39.4735,-118.7774,52.92,43,0,5.75,US,clear sky,2022-03-15 07:24:50
221,Oga,46.4631,10.347,36.14,96,100,5.26,IT,overcast clouds,2022-03-15 07:24:50
222,Ribeira Grande,38.5167,-28.7,61.2,100,75,9.22,PT,broken clouds,2022-03-15 07:24:51
223,Sao Joao Da Barra,-21.6403,-41.0511,75.61,90,0,10.54,BR,clear sky,2022-03-15 07:24:51
224,Katsuura,35.1333,140.3,66.69,52,0,11.05,JP,clear sky,2022-03-15 07:24:52
225,San Policarpo,12.1791,125.5072,83.61,73,100,6.24,PH,overcast clouds,2022-03-15 07:24:52
226,Kalemie,-5.9475,29.1947,76.06,75,72,1.88,CD,broken clouds,2022-03-15 07:24:52
227,Pyaozerskiy,65.8333,31.1667,27.14,90,100,5.41,RU,overcast clouds,2022-03-15 07:24:53
228,Olinda,-8.0089,-34.8553,78.53,89,75,6.91,BR,broken clouds,2022-03-15 07:20:19
229,Hambantota,6.1241,81.1185,89.94,62,40,3.44,LK,scattered clouds,2022-03-15 07:24:54
230,Suez,29.9737,32.5263,52.27,52,25,14.41,EG,scattered clouds,2022-03-15 07:24:54
231,Asau,46.4333,26.4,31.28,65,12,3.91,RO,few clouds,2022-03-15 07:24:54
232,Grand-Santi,4.25,-54.3833,71.91,100,100,1.03,GF,overcast clouds,2022-03-15 07:24:55
233,Moindou,-21.6924,165.677,83.71,69,98,4.79,NC,overcast clouds,2022-03-15 07:24:55
234,Tucurui,-3.7661,-49.6725,72.9,99,100,3.44,BR,overcast clouds,2022-03-15 07:24:56
235,Biloela,-24.4167,150.5,82.53,42,100,14.7,AU,overcast clouds,2022-03-15 07:24:56
236,Praia,14.9215,-23.5087,66.74,68,40,24.16,CV,scattered clouds,2022-03-15 07:24:56
237,Hithadhoo,-0.6,73.0833,82.74,74,93,10.89,MV,overcast clouds,2022-03-15 07:24:57
238,Saint-Philippe,-21.3585,55.7679,86.22,83,45,11.32,RE,light rain,2022-03-15 07:24:57
239,Dakar,14.6937,-17.4441,64.53,94,0,13.8,SN,clear sky,2022-03-15 07:24:58
240,Kununurra,-15.7667,128.7333,98.58,47,40,2.3,AU,scattered clouds,2022-03-15 07:24:58
241,Narsaq,60.9167,-46.05,-10.37,70,27,6.33,GL,scattered clouds,2022-03-15 07:24:58
242,San-Pedro,4.7485,-6.6363,77.77,89,100,4.03,CI,overcast clouds,2022-03-15 07:24:59
243,Kvarkeno,52.0833,59.725,9.61,90,94,4.07,RU,overcast clouds,2022-03-15 07:24:59
244,Shiraz,29.6036,52.5388,72.84,18,40,18.41,IR,scattered clouds,2022-03-15 07:24:59
245,Byron Bay,-28.65,153.6167,75.09,72,36,14.61,AU,scattered clouds,2022-03-15 07:25:00
246,Teguldet,57.3064,88.1667,16.81,72,70,4.16,RU,broken clouds,2022-03-15 07:25:00
247,Vestmannaeyjar,63.4427,-20.2734,37.49,64,100,34.49,IS,light rain,2022-03-15 07:25:01
248,Yaan,7.3833,8.5667,80.15,63,96,7.56,NG,overcast clouds,2022-03-15 07:25:01
249,Cap Malheureux,-19.9842,57.6142,85.46,77,62,8.01,MU,broken clouds,2022-03-15 07:25:02
250,Beloha,-25.1667,45.05,84.85,53,100,5.59,MG,overcast clouds,2022-03-15 07:25:02
251,Touros,-5.1989,-35.4608,78.8,82,82,8.57,BR,light rain,2022-03-15 07:22:08
252,San Jose,37.3394,-121.895,59.92,57,75,6.91,US,broken clouds,2022-03-15 07:20:49
253,Dunedin,-45.8742,170.5036,51.8,96,100,7.0,NZ,overcast clouds,2022-03-15 07:23:05
254,Chitral,35.8462,71.7858,57.45,92,83,4.07,PK,broken clouds,2022-03-15 07:25:03
255,Beberibe,-4.1797,-38.1306,80.01,85,94,2.35,BR,moderate rain,2022-03-15 07:25:04
256,Husavik,66.0449,-17.3389,32.67,71,0,17.45,IS,clear sky,2022-03-15 07:25:04
257,Crvenka,45.6586,19.4556,43.3,56,99,4.72,RS,light rain,2022-03-15 07:25:04
258,Esperance,-33.8667,121.9,76.84,74,100,15.39,AU,overcast clouds,2022-03-15 07:25:05
259,Lebu,-37.6167,-73.65,57.65,92,11,15.05,CL,few clouds,2022-03-15 07:25:05
260,Langsa,4.4683,97.9683,90.52,57,100,6.85,ID,overcast clouds,2022-03-15 07:25:06
261,Plouzane,48.3833,-4.6167,46.45,84,0,5.75,FR,clear sky,2022-03-15 07:25:06
262,Aklavik,68.2191,-135.0107,-7.64,94,100,8.86,CA,overcast clouds,2022-03-15 07:25:07
263,Huarmey,-10.0681,-78.1522,73.31,75,99,7.63,PE,overcast clouds,2022-03-15 07:25:07
264,Cidreira,-30.1811,-50.2056,69.73,91,92,5.61,BR,overcast clouds,2022-03-15 07:25:07
265,Tuatapere,-46.1333,167.6833,51.31,88,100,4.47,NZ,overcast clouds,2022-03-15 07:25:08
266,Turbat,26.0023,63.044,91.09,25,6,5.17,PK,clear sky,2022-03-15 07:25:08
267,Kailua,21.4022,-157.7394,75.18,79,100,3.0,US,overcast clouds,2022-03-15 07:25:09
268,Polewali,-3.4324,119.3435,85.62,75,65,4.88,ID,broken clouds,2022-03-15 07:25:09
269,Comodoro Rivadavia,-45.8667,-67.5,66.06,48,0,21.85,AR,clear sky,2022-03-15 07:25:09
270,Marijampole,54.5667,23.35,37.24,59,63,8.66,LT,broken clouds,2022-03-15 07:25:10
271,Sabang,5.8933,95.3214,83.03,74,38,2.04,ID,scattered clouds,2022-03-15 07:25:10
272,Bengkulu,-3.8004,102.2655,85.78,66,22,8.57,ID,few clouds,2022-03-15 07:25:10
273,Longyan,25.1072,117.0225,80.37,57,53,3.2,CN,broken clouds,2022-03-15 07:25:11
274,Sakakah,29.9697,40.2064,49.57,28,4,12.08,SA,clear sky,2022-03-15 07:25:11
275,Kahului,20.8947,-156.47,75.85,72,40,11.5,US,scattered clouds,2022-03-15 07:25:12
276,Te Anau,-45.4167,167.7167,51.87,91,100,4.72,NZ,overcast clouds,2022-03-15 07:25:12
277,San Miguel,13.4833,-88.1833,76.44,68,35,1.61,SV,scattered clouds,2022-03-15 07:25:12
278,Kavieng,-2.5744,150.7967,84.94,70,93,11.41,PG,light rain,2022-03-15 07:23:13
279,Springhill,33.006,-93.4668,53.49,97,100,8.88,US,overcast clouds,2022-03-15 07:25:13
280,Sao Domingos Do Maranhao,-5.5758,-44.3853,70.57,98,97,1.52,BR,overcast clouds,2022-03-15 07:22:42
281,Rio Gallegos,-51.6226,-69.2181,50.05,87,0,11.5,AR,clear sky,2022-03-15 07:25:14
282,Hede,33.7681,120.2517,69.48,33,100,10.83,CN,overcast clouds,2022-03-15 07:25:14
283,Churapcha,62.0025,132.4325,7.41,74,100,3.67,RU,overcast clouds,2022-03-15 07:25:14
284,Kandiaro,27.0601,68.2091,105.08,12,88,6.11,PK,overcast clouds,2022-03-15 07:25:15
285,Boende,-0.2167,20.8667,81.54,67,77,3.02,CD,broken clouds,2022-03-15 07:25:15
286,Kieta,-6.2167,155.6333,82.08,81,75,2.89,PG,moderate rain,2022-03-15 07:25:16
287,Tarbagatay,51.4803,107.3602,13.53,66,100,13.18,RU,overcast clouds,2022-03-15 07:25:16
288,Palmerston,-12.486,130.9833,91.38,55,40,9.22,AU,scattered clouds,2022-03-15 07:25:17
289,Prince George,53.9166,-122.753,38.28,69,20,9.22,CA,few clouds,2022-03-15 07:25:17
290,Sao Filipe,14.8961,-24.4956,69.98,72,0,14.61,CV,clear sky,2022-03-15 07:25:18
291,Veere,51.5483,3.6667,46.4,90,100,10.36,NL,overcast clouds,2022-03-15 07:25:18
292,Bumba,2.1833,22.4667,83.91,54,24,3.71,CD,few clouds,2022-03-15 07:25:19
293,Pilikwe,-22.799,27.1938,73.13,69,85,2.62,BW,overcast clouds,2022-03-15 07:25:19
294,Kaitangata,-46.2817,169.8464,51.24,77,100,7.74,NZ,overcast clouds,2022-03-15 07:25:19
295,Isangel,-19.55,169.2667,81.91,81,31,8.16,VU,scattered clouds,2022-03-15 07:25:20
296,Luderitz,-26.6481,15.1594,66.61,46,6,15.08,NA,clear sky,2022-03-15 07:25:20
297,Yenagoa,4.9247,6.2642,81.55,80,100,4.21,NG,overcast clouds,2022-03-15 07:25:21
298,Chipinge,-20.1883,32.6236,81.1,42,12,1.52,ZW,few clouds,2022-03-15 07:25:21
299,Dobrinka,52.1653,40.4731,20.53,93,96,12.71,RU,overcast clouds,2022-03-15 07:25:21
300,Guerrero Negro,27.9769,-114.0611,58.75,89,5,7.87,MX,clear sky,2022-03-15 07:25:22
301,Tiksi,71.6872,128.8694,-9.89,98,99,3.02,RU,overcast clouds,2022-03-15 07:25:22
302,Ajaccio,42.0,8.9167,48.25,71,0,2.3,FR,clear sky,2022-03-15 07:25:23
303,Goma,-1.6792,29.2228,72.39,65,89,1.54,CD,light rain,2022-03-15 07:25:23
304,Andenes,69.3143,16.1194,40.98,70,75,11.5,NO,broken clouds,2022-03-15 07:23:05
305,Talnakh,69.4865,88.3972,1.2,90,100,7.58,RU,overcast clouds,2022-03-15 07:25:24
306,Sambava,-14.2667,50.1667,81.75,73,100,5.88,MG,overcast clouds,2022-03-15 07:25:24
307,Melchor De Mencos,17.0686,-89.1522,68.0,94,0,0.0,GT,clear sky,2022-03-15 07:25:24
308,Zhigansk,66.7697,123.3711,-5.46,83,100,2.93,RU,overcast clouds,2022-03-15 07:25:25
309,Wattegama,6.7989,81.4808,91.45,40,100,2.62,LK,overcast clouds,2022-03-15 07:25:25
310,Kampong Thum,12.7111,104.8887,102.51,29,24,5.59,KH,few clouds,2022-03-15 07:25:26
311,Porto Torres,40.835,8.3972,55.58,80,100,7.87,IT,overcast clouds,2022-03-15 07:25:26
312,Sapa,5.1544,120.3241,83.14,74,98,4.68,PH,overcast clouds,2022-03-15 07:25:26
313,Quelimane,-17.8786,36.8883,78.75,89,75,13.8,MZ,broken clouds,2022-03-15 07:25:27
314,Nome,64.5011,-165.4064,1.47,60,0,24.16,US,clear sky,2022-03-15 07:25:27
315,Vardo,70.3705,31.1107,33.78,75,0,16.11,NO,clear sky,2022-03-15 07:25:27
316,Hami,42.8,93.45,59.95,29,100,2.15,CN,overcast clouds,2022-03-15 07:25:28
317,Ust-Maya,60.4167,134.5333,11.23,75,100,3.6,RU,overcast clouds,2022-03-15 07:25:28
318,Hay River,60.8156,-115.7999,-9.42,77,40,3.44,CA,scattered clouds,2022-03-15 07:25:29
319,Batagay-Alyta,67.8006,130.4114,-2.79,90,100,3.85,RU,overcast clouds,2022-03-15 07:25:29
320,Bayangol,50.6977,103.4656,12.07,53,99,3.42,RU,overcast clouds,2022-03-15 07:25:29
321,Coari,-4.085,-63.1414,71.85,98,100,0.72,BR,overcast clouds,2022-03-15 07:25:30
322,Valparaiso,-33.0393,-71.6273,62.47,81,100,3.44,CL,overcast clouds,2022-03-15 07:21:01
323,Rengo,-34.4167,-70.8667,64.89,51,84,0.63,CL,broken clouds,2022-03-15 07:25:30
324,Broken Hill,-31.95,141.4333,64.11,88,100,19.57,AU,thunderstorm,2022-03-15 07:25:31
325,Grootfontein,-19.5667,18.1167,65.77,88,40,5.75,NA,scattered clouds,2022-03-15 07:25:31
326,Isla Mujeres,21.2311,-86.731,77.16,80,1,11.97,MX,clear sky,2022-03-15 07:23:34
327,Grindavik,63.8424,-22.4338,32.47,93,75,20.71,IS,light snow,2022-03-15 07:25:32
328,Vagay,57.9375,69.0217,16.21,82,100,6.4,RU,overcast clouds,2022-03-15 07:25:32
329,Rahimatpur,17.6,74.2,93.74,12,6,9.86,IN,clear sky,2022-03-15 07:25:33
330,Yekaterinoslavka,50.3734,129.1139,28.67,79,100,7.81,RU,overcast clouds,2022-03-15 07:25:33
331,Thompson,55.7435,-97.8558,1.56,60,100,0.0,CA,overcast clouds,2022-03-15 07:25:33
332,Bayonet Point,28.3267,-82.6834,67.95,83,100,1.01,US,overcast clouds,2022-03-15 07:25:34
333,Naze,28.3667,129.4833,72.52,75,100,1.99,JP,overcast clouds,2022-03-15 07:25:34
334,Pacific Grove,36.6177,-121.9166,57.42,82,100,1.99,US,overcast clouds,2022-03-15 07:25:35
335,Tisul,55.7611,88.3122,14.14,76,4,11.74,RU,clear sky,2022-03-15 07:25:35
336,Derac,19.65,-71.8167,72.25,83,16,8.86,HT,few clouds,2022-03-15 07:25:35
337,Bilibino,68.0546,166.4372,-5.55,86,2,4.07,RU,clear sky,2022-03-15 07:25:36
338,Mongagua,-24.0931,-46.6208,74.66,92,72,5.91,BR,light rain,2022-03-15 07:25:36
339,Halifax,44.6453,-63.5724,33.8,86,98,8.05,CA,overcast clouds,2022-03-15 07:23:54
340,San Patricio,28.017,-97.5169,69.89,97,31,9.86,US,scattered clouds,2022-03-15 07:25:37
341,Vidalia,32.2177,-82.4135,51.75,76,40,5.75,US,scattered clouds,2022-03-15 07:25:37
342,Praia Da Vitoria,38.7333,-27.0667,59.25,94,75,8.03,PT,broken clouds,2022-03-15 07:25:38
343,Behshahr,36.6923,53.5526,48.15,75,91,6.22,IR,overcast clouds,2022-03-15 07:25:38
344,Puksoozero,62.5903,40.6066,20.66,91,41,3.85,RU,scattered clouds,2022-03-15 07:25:38
345,Tual,-5.6667,132.75,84.79,71,100,7.76,ID,overcast clouds,2022-03-15 07:25:39
346,Perth,-31.9333,115.8333,78.01,75,75,12.66,AU,broken clouds,2022-03-15 07:25:32
347,Kakrala,27.9,79.2,93.33,22,0,7.54,IN,clear sky,2022-03-15 07:25:39
348,Lesozavodsk,45.4794,133.4244,32.16,85,100,5.14,RU,overcast clouds,2022-03-15 07:25:40
349,Belle Fourche,44.6714,-103.8522,46.54,54,39,8.72,US,scattered clouds,2022-03-15 07:25:40
350,San Andres,12.5847,-81.7006,80.62,74,20,10.36,CO,few clouds,2022-03-15 07:25:41
351,Levokumskoye,44.8219,44.6606,37.09,43,68,14.61,RU,broken clouds,2022-03-15 07:25:41
352,Winslow,35.0242,-110.6974,35.78,55,0,4.61,US,clear sky,2022-03-15 07:25:41
353,Ampanihy,-24.7,44.75,81.52,60,100,5.17,MG,overcast clouds,2022-03-15 07:25:42
354,The Valley,18.217,-63.0578,77.09,72,5,25.3,AI,clear sky,2022-03-15 07:25:42
355,Pemberton,50.3164,-122.8027,42.82,98,100,4.61,CA,overcast clouds,2022-03-15 07:25:42
356,Kiama,-34.6833,150.8667,75.38,66,99,1.01,AU,overcast clouds,2022-03-15 07:25:43
357,Sulangan,11.1373,123.7228,84.43,71,35,5.01,PH,scattered clouds,2022-03-15 07:25:43
358,Ekhabi,53.5102,142.9671,21.09,87,100,5.53,RU,overcast clouds,2022-03-15 07:25:44
359,Bathsheba,13.2167,-59.5167,77.61,73,40,20.71,BB,scattered clouds,2022-03-15 07:25:44
360,Okhotsk,59.3833,143.3,20.73,88,96,2.17,RU,overcast clouds,2022-03-15 07:25:45
361,Pasighat,28.0667,95.3333,94.32,16,3,4.99,IN,clear sky,2022-03-15 07:25:45
362,Manacapuru,-3.2997,-60.6206,72.55,93,100,1.39,BR,overcast clouds,2022-03-15 07:21:21
363,Virginia Beach,36.8529,-75.978,46.42,78,0,0.0,US,clear sky,2022-03-15 07:25:46
364,Namatanai,-3.6667,152.4333,83.48,74,75,9.28,PG,broken clouds,2022-03-15 07:25:46
365,Yulara,-25.2406,130.9889,102.04,14,40,5.75,AU,scattered clouds,2022-03-15 07:25:46
366,Kualakapuas,-3.0091,114.3876,88.63,67,100,0.94,ID,overcast clouds,2022-03-15 07:25:47
367,Brae,60.3964,-1.353,43.25,86,32,13.73,GB,scattered clouds,2022-03-15 07:25:47
368,Ust-Tsilma,65.441,52.1498,17.35,92,96,2.75,RU,overcast clouds,2022-03-15 07:25:48
369,Longyearbyen,78.2186,15.6401,33.64,86,75,9.22,SJ,light intensity drizzle,2022-03-15 07:22:56
370,Dhankuta,26.9833,87.3333,84.06,18,0,9.01,NP,clear sky,2022-03-15 07:25:48
371,Leh,34.1667,77.5833,30.09,59,8,2.39,IN,clear sky,2022-03-15 07:25:49
372,Lohja,60.2486,24.0653,32.38,93,82,1.99,FI,broken clouds,2022-03-15 07:25:49
373,Muroto,33.2833,134.15,62.91,73,2,11.99,JP,clear sky,2022-03-15 07:25:49
374,Vao,-22.6667,167.4833,80.76,79,100,16.15,NC,overcast clouds,2022-03-15 07:25:50
375,Carutapera,-1.195,-46.02,75.94,94,99,5.82,BR,overcast clouds,2022-03-15 07:25:50
376,Tongliao,43.6125,122.2653,36.9,90,100,12.71,CN,light rain,2022-03-15 07:25:51
377,Sisophon,13.5859,102.9737,102.25,31,66,0.6,KH,broken clouds,2022-03-15 07:25:51
378,Belaya Gora,68.5333,146.4167,-4.9,98,100,4.79,RU,overcast clouds,2022-03-15 07:25:51
379,Sur,22.5667,59.5289,87.89,38,5,8.03,OM,clear sky,2022-03-15 07:25:52
380,Lata,40.1629,-8.3327,45.91,94,60,5.48,PT,broken clouds,2022-03-15 07:25:52
381,Taoudenni,22.6783,-3.9836,69.08,29,0,6.78,ML,clear sky,2022-03-15 07:25:53
382,Sovetskiy,61.3614,63.5842,16.03,83,73,3.29,RU,broken clouds,2022-03-15 07:25:53
383,Adela,12.4416,120.9729,86.92,65,52,6.89,PH,broken clouds,2022-03-15 07:25:53
384,Montecristo,8.2971,-74.4733,73.45,97,99,2.51,CO,overcast clouds,2022-03-15 07:25:54
385,Lasa,46.6166,10.7002,38.03,90,100,3.15,IT,overcast clouds,2022-03-15 07:25:54
386,Alencon,48.4333,0.0833,46.54,99,100,4.0,FR,moderate rain,2022-03-15 07:25:55
387,Azanka,58.0401,64.7893,16.14,83,100,7.54,RU,overcast clouds,2022-03-15 07:25:55
388,Saint-Augustin,51.226,-58.6502,17.15,86,60,11.59,CA,broken clouds,2022-03-15 07:25:55
389,Aasiaat,68.7098,-52.8699,-7.49,89,100,10.38,GL,overcast clouds,2022-03-15 07:25:56
390,Vila Velha,-20.3297,-40.2925,76.95,92,20,8.05,BR,few clouds,2022-03-15 07:25:56
391,Komsomolskiy,40.4272,71.7189,47.12,87,100,4.61,UZ,light rain,2022-03-15 07:25:57
392,Elizabeth City,36.2946,-76.2511,45.99,86,0,4.61,US,clear sky,2022-03-15 07:25:57
393,Aitape,-3.1374,142.3475,84.99,70,93,6.8,PG,overcast clouds,2022-03-15 07:25:57
394,Yamada,39.4667,141.95,44.78,80,36,19.89,JP,scattered clouds,2022-03-15 07:25:58
395,Toamasina,-18.1667,49.3833,82.4,83,75,6.91,MG,moderate rain,2022-03-15 07:25:58
396,Meulaboh,4.1363,96.1285,86.04,66,90,6.69,ID,overcast clouds,2022-03-15 07:25:58
397,Buraydah,26.326,43.975,66.65,38,90,5.46,SA,overcast clouds,2022-03-15 07:24:39
398,Shingu,33.7333,135.9833,70.59,31,0,7.56,JP,clear sky,2022-03-15 07:25:59
399,Sungaipenuh,-2.0833,101.3833,75.58,80,100,2.86,ID,overcast clouds,2022-03-15 07:25:59
400,Lorengau,-2.0226,147.2712,84.96,71,33,8.75,PG,scattered clouds,2022-03-15 07:26:00
401,Mayo,38.8876,-76.5119,47.12,78,0,5.75,US,clear sky,2022-03-15 07:26:00
402,Avera,33.194,-82.5271,45.91,73,99,5.73,US,overcast clouds,2022-03-15 07:26:01
403,Berlevag,70.8578,29.0864,39.2,70,75,10.36,NO,broken clouds,2022-03-15 07:26:01
404,Kremenki,54.885,37.1261,25.77,77,9,7.85,RU,clear sky,2022-03-15 07:26:02
405,Alice Springs,-23.7,133.8833,99.95,14,37,11.5,AU,scattered clouds,2022-03-15 07:26:02
406,Yar-Sale,66.8333,70.8333,12.74,89,100,8.21,RU,overcast clouds,2022-03-15 07:26:02
407,Severo-Yeniseyskiy,60.3725,93.0408,10.62,75,100,7.18,RU,overcast clouds,2022-03-15 07:26:03
408,Warwick,41.7001,-71.4162,44.73,72,0,6.91,US,clear sky,2022-03-15 07:26:03
409,Alta Floresta,-9.8756,-56.0861,69.71,98,100,3.76,BR,overcast clouds,2022-03-15 07:23:46
410,Bull Savanna,17.8868,-77.5902,71.73,86,51,6.11,JM,broken clouds,2022-03-15 07:26:04
411,Marawi,7.9986,124.2928,75.56,89,99,3.71,PH,overcast clouds,2022-03-15 07:26:04
412,Santa Maria,-29.6842,-53.8069,62.37,98,75,2.98,BR,broken clouds,2022-03-15 07:26:04
413,Markova,48.6758,24.4138,38.03,60,81,4.41,UA,broken clouds,2022-03-15 07:26:05
414,Ruteng,-8.6136,120.4721,71.74,86,84,1.21,ID,broken clouds,2022-03-15 07:26:05
415,Nagapattinam,10.7667,79.8333,88.18,46,99,9.69,IN,overcast clouds,2022-03-15 07:26:06
416,Muswellbrook,-32.2667,150.9,74.32,65,96,10.45,AU,overcast clouds,2022-03-15 07:26:06
417,Baykit,61.67,96.37,11.5,75,100,7.4,RU,overcast clouds,2022-03-15 07:26:06
418,Waingapu,-9.6567,120.2641,87.15,69,13,10.16,ID,few clouds,2022-03-15 07:26:07
419,Vestmanna,62.1564,-7.1664,43.72,93,100,24.16,FO,overcast clouds,2022-03-15 07:26:07
420,Alofi,-19.0595,-169.9187,76.89,94,85,1.14,NU,overcast clouds,2022-03-15 07:26:08
421,Adrar,20.5022,-10.0711,55.45,67,0,11.95,MR,clear sky,2022-03-15 07:26:08
422,Osa,57.2829,55.4567,16.47,77,82,10.89,RU,broken clouds,2022-03-15 07:26:08
423,Paracuru,-3.41,-39.0306,75.11,89,94,3.4,BR,overcast clouds,2022-03-15 07:26:09
424,Cayenne,4.9333,-52.3333,79.09,1,100,3.0,GF,overcast clouds,2022-03-15 07:26:09
425,Kurilsk,45.2333,147.8833,29.55,81,100,12.77,RU,light snow,2022-03-15 07:26:09
426,Paita,-5.0892,-81.1144,75.49,80,100,2.24,PE,overcast clouds,2022-03-15 07:26:10
427,Nioro,13.35,-15.75,68.16,39,18,6.91,GM,few clouds,2022-03-15 07:26:11
428,Makakilo City,21.3469,-158.0858,73.72,69,0,8.05,US,clear sky,2022-03-15 07:26:11
429,Torbay,47.6666,-52.7314,25.57,77,75,17.27,CA,broken clouds,2022-03-15 07:26:11
430,Mackay,-21.15,149.2,83.68,61,100,14.97,AU,overcast clouds,2022-03-15 07:26:12
431,San Cristobal,7.7669,-72.225,66.18,95,100,1.97,VE,overcast clouds,2022-03-15 07:26:12
432,Sechura,-5.5569,-80.8222,73.36,78,89,3.0,PE,overcast clouds,2022-03-15 07:26:13
433,San Fernando,15.0286,120.6898,92.68,47,74,8.25,PH,broken clouds,2022-03-15 07:26:13
434,Poum,-20.2333,164.0167,83.21,76,99,12.1,NC,overcast clouds,2022-03-15 07:26:13
435,Ferrol,43.4832,-8.2369,52.27,87,1,4.97,ES,clear sky,2022-03-15 07:26:14
436,Noumea,-22.2763,166.4572,84.0,99,100,8.01,NC,overcast clouds,2022-03-15 07:26:14
437,Ghanzi,-21.5667,21.7833,66.96,72,70,11.12,BW,broken clouds,2022-03-15 07:26:15
438,Udachnyy,66.4167,112.4,-1.55,53,100,3.78,RU,overcast clouds,2022-03-15 07:26:15
439,Juneau,58.3019,-134.4197,35.1,97,100,0.0,US,light rain and snow,2022-03-15 07:26:16
440,Bandarbeyla,9.4942,50.8122,81.37,62,6,13.85,SO,clear sky,2022-03-15 07:26:16
441,Rio Grande,-32.035,-52.0986,58.95,80,0,2.75,BR,clear sky,2022-03-15 07:26:16
442,Kizhinga,51.8462,109.9097,11.97,59,100,12.86,RU,overcast clouds,2022-03-15 07:26:17
443,Itarema,-2.9248,-39.9167,75.45,90,100,4.5,BR,overcast clouds,2022-03-15 07:26:17
444,Broome,42.2506,-75.833,40.53,73,95,2.71,US,overcast clouds,2022-03-15 07:22:29
445,Palana,59.1167,159.9667,4.03,90,5,0.83,RU,clear sky,2022-03-15 07:26:18
446,Amasia,40.6533,35.8331,33.53,67,77,5.57,TR,broken clouds,2022-03-15 07:26:18
447,Port Keats,-14.25,129.55,88.36,67,100,5.48,AU,overcast clouds,2022-03-15 07:26:18
448,Cap-Aux-Meules,47.3821,-61.8597,30.22,86,100,17.27,CA,overcast clouds,2022-03-15 07:26:19
449,Port Hedland,-20.3167,118.5667,98.65,49,13,18.41,AU,few clouds,2022-03-15 07:26:19
450,Siilinjarvi,63.0833,27.6667,17.62,86,0,1.14,FI,clear sky,2022-03-15 07:26:20
451,Ostrovnoy,68.0531,39.5131,25.93,89,100,20.49,RU,overcast clouds,2022-03-15 07:26:20
452,Oranjestad,12.524,-70.027,78.17,78,86,22.32,AW,overcast clouds,2022-03-15 07:24:32
453,Sandwick,60.0,-1.25,44.42,76,75,12.66,GB,broken clouds,2022-03-15 07:26:20
454,Hearst,49.6835,-83.6665,-5.55,100,89,1.66,CA,overcast clouds,2022-03-15 07:26:21
455,Sibu,2.3,111.8167,79.11,89,40,3.44,MY,light rain,2022-03-15 07:26:21
456,Haines Junction,60.7522,-137.5108,8.55,85,100,1.14,CA,overcast clouds,2022-03-15 07:26:22
457,Amuntai,-2.4177,115.2494,92.03,54,97,2.17,ID,heavy intensity rain,2022-03-15 07:26:22
458,Abnub,27.2696,31.1511,52.93,47,0,17.87,EG,clear sky,2022-03-15 07:26:23
459,Jabinyanah,35.035,10.9081,60.6,83,100,21.34,TN,overcast clouds,2022-03-15 07:26:21
460,Allapalli,19.4167,80.0667,101.95,11,8,4.92,IN,clear sky,2022-03-15 07:26:23
461,Marienburg,54.0359,19.0266,39.58,71,9,6.04,PL,clear sky,2022-03-15 07:21:34
462,Aleksandro-Nevskiy,53.4751,40.2095,20.26,94,99,11.88,RU,overcast clouds,2022-03-15 07:26:24
463,Ilulissat,69.2167,-51.1,-0.38,78,100,8.05,GL,overcast clouds,2022-03-15 07:26:24
464,Oudtshoorn,-33.5907,22.2014,61.16,60,0,1.03,ZA,clear sky,2022-03-15 07:26:25
465,La Primavera,5.4906,-70.4092,81.54,56,98,3.47,CO,overcast clouds,2022-03-15 07:26:25
466,Bhinmal,25.0,72.25,97.7,12,24,8.14,IN,few clouds,2022-03-15 07:26:25
467,Bambanglipuro,-7.95,110.2833,82.47,79,100,6.35,ID,moderate rain,2022-03-15 07:26:26
468,Los Zacatones,22.95,-102.05,52.75,14,0,5.86,MX,clear sky,2022-03-15 07:26:26
469,Lepseny,46.9904,18.2436,40.86,50,76,3.98,HU,broken clouds,2022-03-15 07:26:27
470,Yeppoon,-23.1333,150.7333,80.38,66,70,13.98,AU,broken clouds,2022-03-15 07:26:27
471,Dryden,49.7833,-92.7503,23.29,68,100,6.91,CA,overcast clouds,2022-03-15 07:21:35
472,Catemaco,18.4167,-95.1167,65.71,90,0,2.19,MX,clear sky,2022-03-15 07:26:28
473,Tekkali,18.6167,84.2333,94.69,25,13,12.71,IN,few clouds,2022-03-15 07:26:28
474,Port Macquarie,-31.4333,152.9167,71.89,76,77,10.74,AU,broken clouds,2022-03-15 07:22:02
475,Mugur-Aksy,50.35,90.5,19.76,59,100,5.37,RU,overcast clouds,2022-03-15 07:26:28
476,Baruun-Urt,46.6806,113.2792,24.84,28,78,12.57,MN,broken clouds,2022-03-15 07:26:29
477,Abu Dhabi,24.4667,54.3667,93.31,22,0,4.61,AE,clear sky,2022-03-15 07:25:22
478,Fort Frances,48.5999,-93.4003,26.82,50,100,4.61,CA,overcast clouds,2022-03-15 07:26:29
479,Mount Gambier,-37.8333,140.7667,82.31,36,98,4.61,AU,overcast clouds,2022-03-15 07:26:30
480,Ha Noi,21.0245,105.8412,80.6,55,100,6.13,VN,overcast clouds,2022-03-15 07:25:10
481,Jimeta,9.2833,12.4667,83.84,16,0,3.31,NG,clear sky,2022-03-15 07:26:30
482,Kirakira,-10.4544,161.9205,81.1,81,97,5.21,SB,light rain,2022-03-15 07:26:31
483,Roma,43.2128,-75.4557,45.73,81,0,1.01,US,clear sky,2022-03-15 07:26:31
484,Kananga,-5.8958,22.4178,74.8,84,100,2.8,CD,overcast clouds,2022-03-15 07:26:31
485,Erenhot,43.6475,111.9767,37.71,43,100,1.12,CN,overcast clouds,2022-03-15 07:26:32
486,Alihe,50.5667,123.7167,26.49,92,100,6.13,CN,snow,2022-03-15 07:26:32
487,Apartado,7.883,-76.6259,74.93,96,100,3.0,CO,overcast clouds,2022-03-15 07:26:33
488,Saldanha,-33.0117,17.9442,66.25,58,0,9.08,ZA,clear sky,2022-03-15 07:26:33
489,Aswan,24.0934,32.907,56.43,30,0,24.32,EG,clear sky,2022-03-15 07:26:33
490,Pavilosta,56.8879,21.1859,35.51,65,68,8.97,LV,broken clouds,2022-03-15 07:26:34
491,Volax,41.3167,24.0,33.28,58,1,1.21,GR,clear sky,2022-03-15 07:26:34
492,College,64.8569,-147.8028,-6.93,64,40,4.61,US,scattered clouds,2022-03-15 07:26:35
493,Nishihara,26.1842,127.7558,74.86,73,40,10.36,JP,scattered clouds,2022-03-15 07:26:35
494,Yantai,37.5333,121.4,59.59,39,10,13.98,CN,clear sky,2022-03-15 07:24:38
495,Zhangjiakou,40.81,114.8794,61.32,14,5,16.64,CN,clear sky,2022-03-15 07:26:35
496,Nandurbar,21.3667,74.25,98.73,12,6,3.31,IN,clear sky,2022-03-15 07:26:36
497,Coahuayana,18.7333,-103.6833,68.76,79,1,3.67,MX,clear sky,2022-03-15 07:26:36
498,Samarai,-10.6167,150.6667,85.78,69,100,13.56,PG,overcast clouds,2022-03-15 07:26:37
499,Mvangue,2.9667,11.5167,73.44,83,100,2.57,CM,overcast clouds,2022-03-15 07:26:37
500,Nagato,34.3833,131.2,55.92,61,0,8.59,JP,clear sky,2022-03-15 07:26:37
501,Safaga,26.7292,33.9365,56.68,51,0,30.2,EG,clear sky,2022-03-15 07:26:38
502,Tamandare,-8.7597,-35.1047,78.75,78,53,5.21,BR,broken clouds,2022-03-15 07:26:38
503,Kastamonu,41.5,33.6667,24.82,67,94,5.21,TR,overcast clouds,2022-03-15 07:26:39
504,Sisimiut,66.9395,-53.6735,-12.6,97,100,6.44,GL,overcast clouds,2022-03-15 07:26:39
505,Spanish Town,17.9911,-76.9574,76.62,73,20,5.75,JM,few clouds,2022-03-15 07:26:40
506,Serebryanyy Bor,56.8,124.8,11.46,91,100,6.42,RU,light snow,2022-03-15 07:26:40
507,Sao Gabriel Da Cachoeira,-0.1303,-67.0892,70.86,100,100,1.92,BR,overcast clouds,2022-03-15 07:26:40
508,Jieznas,54.6,24.1667,33.39,60,37,6.96,LT,scattered clouds,2022-03-15 07:26:41
509,Mangaratiba,-22.9597,-44.0406,74.26,94,100,3.31,BR,overcast clouds,2022-03-15 07:26:41
510,Taian,36.1853,117.12,72.7,33,89,9.51,CN,overcast clouds,2022-03-15 07:26:42
511,Marivan,35.5219,46.176,44.62,59,79,3.94,IR,broken clouds,2022-03-15 07:26:42
512,Port Lincoln,-34.7333,135.8667,74.73,62,97,8.72,AU,overcast clouds,2022-03-15 07:26:42
513,Stornoway,58.2093,-6.3865,42.93,88,75,36.82,GB,broken clouds,2022-03-15 07:26:43
514,Tsiroanomandidy,-18.7667,46.0333,79.12,66,33,1.59,MG,scattered clouds,2022-03-15 07:26:43
515,Babstovo,48.1167,132.4833,29.66,84,100,3.62,RU,overcast clouds,2022-03-15 07:26:44
516,Otterup,55.5153,10.3976,41.56,91,64,7.96,DK,broken clouds,2022-03-15 07:26:44
517,Quatre Cocos,-20.2078,57.7625,85.08,73,75,9.82,MU,broken clouds,2022-03-15 07:26:44
518,Kotelnikovo,47.6317,43.1461,31.86,92,100,8.39,RU,light snow,2022-03-15 07:26:45
519,Atasu,48.6814,71.6433,21.34,90,100,5.41,KZ,overcast clouds,2022-03-15 07:26:45
520,Kovdor,67.5662,30.4758,26.11,94,100,3.76,RU,overcast clouds,2022-03-15 07:26:46
521,Great Yarmouth,52.6083,1.7305,42.46,86,100,3.4,GB,overcast clouds,2022-03-15 07:26:46
522,Seoul,37.5683,126.9778,55.0,44,0,4.61,KR,clear sky,2022-03-15 07:25:12
523,Taganak,6.0833,118.3,87.94,70,35,7.76,PH,scattered clouds,2022-03-15 07:26:47
524,Boyolangu,-8.1181,111.8935,83.79,77,90,7.49,ID,moderate rain,2022-03-15 07:26:47
525,Qasigiannguit,68.8193,-51.1922,-0.15,95,100,4.14,GL,overcast clouds,2022-03-15 07:26:47
526,Opuwo,-18.0607,13.84,69.78,58,5,2.53,NA,clear sky,2022-03-15 07:26:48
527,Chapais,49.7834,-74.8492,2.98,99,14,2.71,CA,few clouds,2022-03-15 07:26:48
528,Lahad Datu,5.0268,118.327,82.98,80,100,4.99,MY,overcast clouds,2022-03-15 07:26:49
529,Zhengjiatun,43.5064,123.5064,37.13,89,100,10.33,CN,overcast clouds,2022-03-15 07:26:49
530,Amahai,-3.3333,128.9167,84.31,75,100,5.46,ID,overcast clouds,2022-03-15 07:26:49
531,Constitucion,-35.3333,-72.4167,59.59,73,0,4.27,CL,clear sky,2022-03-15 07:26:50
532,Boralday,43.3578,76.8594,40.86,93,100,2.24,KZ,mist,2022-03-15 07:26:50
533,Kopavogur,64.1123,-21.913,32.22,86,75,27.63,IS,broken clouds,2022-03-15 07:26:51
534,Inuvik,68.3499,-133.7218,-3.14,84,100,5.75,CA,overcast clouds,2022-03-15 07:26:51
535,Port Moresby,-9.4431,147.1797,83.62,74,75,11.5,PG,haze,2022-03-15 07:24:55
536,Ancona,43.55,13.1667,48.67,78,100,4.61,IT,overcast clouds,2022-03-15 07:26:52
537,Santa Maria Del Oro,25.9333,-105.3667,51.17,14,0,6.49,MX,clear sky,2022-03-15 07:26:52
538,Alice,27.7523,-98.0697,69.37,94,20,5.75,US,few clouds,2022-03-15 07:26:52
539,San Quintin,30.4833,-115.95,58.6,81,97,6.64,MX,overcast clouds,2022-03-15 07:26:53
540,Mwingi,-0.9344,38.0601,81.64,46,85,4.76,KE,overcast clouds,2022-03-15 07:26:53
541,Bosaso,11.2842,49.1816,80.58,74,0,14.97,SO,clear sky,2022-03-15 07:26:53
542,Yagodnoye,62.55,149.6667,-1.35,96,12,2.1,RU,few clouds,2022-03-15 07:26:54
543,Coos Bay,43.3665,-124.2179,52.93,99,100,10.36,US,mist,2022-03-15 07:26:54
544,Meridian,43.6121,-116.3915,52.16,55,0,19.57,US,clear sky,2022-03-15 07:26:55
545,Amposta,40.7131,0.581,57.24,93,100,21.18,ES,overcast clouds,2022-03-15 07:26:55
546,Champerico,14.3,-91.9167,79.11,72,46,5.35,GT,scattered clouds,2022-03-15 07:26:55
547,Sinnamary,5.3833,-52.95,76.1,90,100,12.06,GF,overcast clouds,2022-03-15 07:26:56
548,Aykhal,66.0,111.5,-5.96,86,94,4.45,RU,overcast clouds,2022-03-15 07:26:56
549,Balakhninskiy,58.0106,114.2769,6.64,69,100,4.83,RU,overcast clouds,2022-03-15 07:26:56
550,Caluquembe,-13.7833,14.6833,63.16,76,100,3.89,AO,overcast clouds,2022-03-15 07:26:57
551,Turukhansk,65.8167,87.9833,12.4,90,100,9.55,RU,light snow,2022-03-15 07:26:57
552,Portland,45.5234,-122.6762,50.9,94,100,7.0,US,overcast clouds,2022-03-15 07:24:24
553,Casablanca,33.5928,-7.6192,48.54,81,40,6.91,MA,scattered clouds,2022-03-15 07:25:44
554,Gejiu,23.306,103.1635,70.11,49,53,4.09,CN,broken clouds,2022-03-15 07:26:58
555,Mayya,61.7333,130.2811,4.32,77,100,2.71,RU,overcast clouds,2022-03-15 07:26:58
556,Kolokani,13.5728,-8.0339,73.29,12,0,7.27,ML,clear sky,2022-03-15 07:26:59
557,Andros Town,24.7,-77.7667,73.36,83,0,12.86,BS,clear sky,2022-03-15 07:26:59
558,Fountain Hills,33.6117,-111.7174,65.57,26,0,5.75,US,clear sky,2022-03-15 07:27:00
559,Ntungamo,-0.8833,29.65,78.55,58,73,0.89,UG,light rain,2022-03-15 07:27:00
560,Alghero,40.5589,8.3181,55.49,71,0,10.36,IT,clear sky,2022-03-15 07:27:00
561,Soyo,-6.1349,12.3689,78.78,88,100,6.89,AO,overcast clouds,2022-03-15 07:27:01
562,Dauriya,49.9333,116.8667,13.35,66,0,18.34,RU,clear sky,2022-03-15 07:27:01
563,Caravelas,-17.7125,-39.2481,75.69,88,99,4.05,BR,light rain,2022-03-15 07:27:02
564,Freital,51.0017,13.6488,47.37,88,0,4.61,DE,clear sky,2022-03-15 07:25:24
565,Agadir,30.4202,-9.5982,50.45,83,99,10.25,MA,overcast clouds,2022-03-15 07:27:02
566,Codrington,-38.2667,141.9667,73.89,62,100,7.99,AU,overcast clouds,2022-03-15 07:27:03
567,Kirishi,59.4471,32.0205,31.21,83,83,6.17,RU,broken clouds,2022-03-15 07:27:03
568,Grande Prairie,55.1667,-118.8027,26.78,74,75,2.3,CA,broken clouds,2022-03-15 07:27:03
569,Atambua,-9.1061,124.8925,82.67,72,89,1.5,ID,overcast clouds,2022-03-15 07:27:04
570,Punta Alta,-38.8759,-62.0736,62.82,68,100,6.29,AR,overcast clouds,2022-03-15 07:27:04
571,Karratha,-20.7377,116.8463,99.66,32,0,15.3,AU,clear sky,2022-03-15 07:27:05
572,Nordby,55.446,8.3979,39.43,96,100,8.05,DK,fog,2022-03-15 07:27:05
573,Havelock,34.8791,-76.9013,52.93,87,0,0.0,US,clear sky,2022-03-15 07:27:06
574,Belmonte,-15.8631,-38.8828,76.15,86,93,3.15,BR,moderate rain,2022-03-15 07:27:06
575,Monrovia,6.3005,-10.7969,77.29,89,100,8.57,LR,overcast clouds,2022-03-15 07:27:06
576,Borujerd,33.8973,48.7516,55.63,37,0,6.91,IR,clear sky,2022-03-15 07:27:07
577,Corinto,37.9407,22.9573,49.89,66,0,3.44,GR,clear sky,2022-03-15 07:27:07
578,Benghazi,32.1167,20.0667,54.23,62,30,12.24,LY,scattered clouds,2022-03-15 07:27:08
579,Arlit,18.7369,7.3853,73.09,9,6,2.89,NE,clear sky,2022-03-15 07:27:08
580,Lalmohan,22.3384,90.7419,88.75,28,0,2.01,BD,clear sky,2022-03-15 07:27:08
581,Dhidhdhoo,6.8833,73.1,82.78,69,100,5.73,MV,overcast clouds,2022-03-15 07:27:09
582,Nantucket,41.2835,-70.0995,44.74,87,0,8.05,US,clear sky,2022-03-15 07:27:09
583,La Huacana,18.9667,-101.8167,70.59,58,0,2.35,MX,clear sky,2022-03-15 07:27:09
584,Araouane,18.9048,-3.5265,72.82,8,5,7.63,ML,clear sky,2022-03-15 07:27:10
585,Barra Da Estiva,-13.6261,-41.3269,64.63,89,100,3.0,BR,overcast clouds,2022-03-15 07:27:10
586,Clearwater,27.9659,-82.8001,67.93,75,0,10.0,US,clear sky,2022-03-15 07:27:11
587,Sao Felix Do Xingu,-6.6447,-51.995,69.53,100,100,2.21,BR,heavy intensity rain,2022-03-15 07:27:11
588,Muli,2.9167,73.5667,82.4,72,67,4.81,MV,broken clouds,2022-03-15 07:27:11
589,Chalus,36.655,51.4204,47.66,87,100,11.5,IR,overcast clouds,2022-03-15 07:27:12
590,Mezen,65.8522,44.24,16.97,93,77,7.14,RU,broken clouds,2022-03-15 07:27:12
591,Kudahuvadhoo,2.6708,72.8944,82.27,71,100,6.15,MV,light rain,2022-03-15 07:27:13
592,Hervey Bay,-25.2986,152.8535,78.03,76,100,8.01,AU,overcast clouds,2022-03-15 07:27:13
593,Chililabombwe,-12.3648,27.8229,66.22,93,100,2.46,ZM,overcast clouds,2022-03-15 07:27:14
594,Chiredzi,-21.05,31.6667,86.43,47,13,3.78,ZW,few clouds,2022-03-15 07:27:14
595,Magdalena,14.1999,121.429,88.36,62,96,6.38,PH,overcast clouds,2022-03-15 07:27:14
596,Beringovskiy,63.05,179.3167,-8.01,95,10,7.45,RU,clear sky,2022-03-15 07:27:15
597,Ures,29.4333,-110.4,61.32,18,0,1.68,MX,clear sky,2022-03-15 07:27:15
598,Mormugao,15.4,73.8,89.67,44,88,12.88,IN,overcast clouds,2022-03-15 07:27:16
599,Ust-Ilimsk,58.0006,102.6619,9.07,76,100,6.11,RU,overcast clouds,2022-03-15 07:27:16
600,North Myrtle Beach,33.816,-78.68,44.65,100,0,0.0,US,clear sky,2022-03-15 07:27:17
601,Djibo,14.1022,-1.6306,78.48,15,11,10.0,BF,few clouds,2022-03-15 07:27:17
602,Bireun,5.203,96.7009,84.56,73,95,7.47,ID,overcast clouds,2022-03-15 07:27:17
603,Kaharlyk,49.8623,30.8282,36.81,65,5,10.45,UA,clear sky,2022-03-15 07:27:18
604,Homer,59.6425,-151.5483,32.81,72,0,5.01,US,clear sky,2022-03-15 07:27:18
605,Nizwa,22.9333,57.5333,91.6,16,0,5.37,OM,clear sky,2022-03-15 07:27:18
606,Impfondo,1.6381,18.0667,79.84,71,98,0.65,CG,overcast clouds,2022-03-15 07:27:19
607,Santo Tomas,14.1079,121.1414,91.65,65,69,2.48,PH,broken clouds,2022-03-15 07:27:19
608,Shubarshi,48.5872,57.1869,21.13,87,100,9.93,KZ,overcast clouds,2022-03-15 07:27:20
609,Doha,25.2867,51.5333,88.11,47,0,9.22,QA,clear sky,2022-03-15 07:27:20
610,Lima,-12.0432,-77.0282,72.39,85,0,9.22,PE,clear sky,2022-03-15 07:23:48
611,Uyuni,-20.4597,-66.825,46.96,61,43,11.7,BO,light rain,2022-03-15 07:27:21
612,Tacuarembo,-31.7333,-55.9833,56.48,79,0,1.68,UY,clear sky,2022-03-15 07:27:21
613,Kindu,-2.95,25.95,74.55,87,89,2.26,CD,overcast clouds,2022-03-15 07:27:21
614,Martapura,-3.4167,114.85,86.09,74,40,14.97,ID,thunderstorm with rain,2022-03-15 07:27:22
615,Taltal,-25.4,-70.4833,66.15,85,56,1.77,CL,broken clouds,2022-03-15 07:27:22
616,Port Augusta,-32.5,137.7667,94.03,21,10,4.94,AU,light rain,2022-03-15 07:27:23
617,Loiza,18.4313,-65.8802,76.05,86,40,9.22,PR,scattered clouds,2022-03-15 07:27:23
618,Dudinka,69.4058,86.1778,1.62,92,100,8.34,RU,overcast clouds,2022-03-15 07:27:23
619,Rovaniemi,66.5,25.7167,17.01,92,75,4.61,FI,fog,2022-03-15 07:27:24
620,Zhuhai,22.2769,113.5678,92.86,83,20,9.22,CN,few clouds,2022-03-15 07:27:24
621,Polunochnoye,60.8697,60.4153,16.29,83,100,1.7,RU,overcast clouds,2022-03-15 07:27:25
622,Novi Pazar,43.1367,20.5122,35.58,87,25,1.28,RS,scattered clouds,2022-03-15 07:27:25
623,Hohhot,40.8106,111.6522,62.89,17,1,17.9,CN,clear sky,2022-03-15 07:27:25
624,Trelew,-43.249,-65.3051,65.89,52,10,11.5,AR,clear sky,2022-03-15 07:27:26
625,The Pas,53.8251,-101.2541,8.62,92,100,3.44,CA,overcast clouds,2022-03-15 07:27:26
626,Kabanjahe,3.1001,98.4908,74.43,79,96,2.51,ID,moderate rain,2022-03-15 07:27:26
627,Chumikan,54.7183,135.315,18.91,90,100,12.91,RU,overcast clouds,2022-03-15 07:27:27
628,Banda Aceh,5.5577,95.3222,84.06,74,43,1.23,ID,scattered clouds,2022-03-15 07:27:27
629,Tam Ky,15.5667,108.4833,81.95,66,78,8.41,VN,broken clouds,2022-03-15 07:23:27
630,Waharoa,-37.7667,175.7667,71.44,70,23,6.24,NZ,few clouds,2022-03-15 07:27:28
631,Anadyr,64.75,177.4833,-3.5,84,0,2.24,RU,clear sky,2022-03-15 07:27:28
632,Gat,31.61,34.7642,47.79,100,96,1.52,IL,overcast clouds,2022-03-15 07:27:29
633,Amapa,1.0,-52.0,70.47,100,100,1.77,BR,overcast clouds,2022-03-15 07:27:29
634,Mitu,1.1983,-70.1733,70.83,99,100,1.48,CO,overcast clouds,2022-03-15 07:27:29
635,La Rioja,42.25,-2.5,46.18,97,74,6.62,ES,broken clouds,2022-03-15 07:22:46
636,Tocopilla,-22.092,-70.1979,68.54,83,42,3.89,CL,scattered clouds,2022-03-15 07:27:30
637,Williston,48.147,-103.618,40.8,77,80,8.19,US,broken clouds,2022-03-15 07:27:30
638,Mantena,-18.7817,-40.9803,69.66,98,18,1.3,BR,few clouds,2022-03-15 07:27:31
639,Cuamba,-14.8031,36.5372,77.72,80,99,2.73,MZ,overcast clouds,2022-03-15 07:27:31
640,Cameron Park,38.6688,-120.9872,58.24,55,88,1.01,US,overcast clouds,2022-03-15 07:27:32
641,Koslan,63.4564,48.8989,21.09,88,83,1.05,RU,broken clouds,2022-03-15 07:27:32
642,Tiznit,29.5833,-9.5,45.75,79,48,3.62,MA,scattered clouds,2022-03-15 07:27:32
643,Kijang,35.2442,129.2139,62.33,54,0,5.68,KR,clear sky,2022-03-15 07:27:33
644,Ust-Omchug,61.15,149.6333,5.02,94,66,1.63,RU,broken clouds,2022-03-15 07:27:33
645,Nemuro,43.3236,145.575,31.35,99,100,17.58,JP,snow,2022-03-15 07:27:34
646,Sioux Lookout,50.1001,-91.917,19.47,73,100,5.75,CA,overcast clouds,2022-03-15 07:27:34
647,Parapotamos,39.5492,20.3228,48.11,54,5,3.31,GR,clear sky,2022-03-15 07:27:34
648,Imbituba,-28.24,-48.6703,69.82,90,97,3.02,BR,overcast clouds,2022-03-15 07:27:35
649,Yellandu,17.6,80.3333,100.69,9,6,4.88,IN,clear sky,2022-03-15 07:27:35
650,Kargasok,59.0556,80.8572,10.27,81,72,2.73,RU,broken clouds,2022-03-15 07:27:36
651,Savannah Bight,16.45,-85.85,79.84,77,6,15.43,HN,clear sky,2022-03-15 07:27:36
652,Changde,29.0464,111.6783,80.91,51,5,5.46,CN,clear sky,2022-03-15 07:23:44
653,Frejus,43.4329,6.7352,57.0,72,100,15.59,FR,overcast clouds,2022-03-15 07:24:12
654,Buala,-8.145,159.5921,81.07,79,100,5.3,SB,light rain,2022-03-15 07:27:37
655,Nongstoin,25.5167,91.2667,83.44,15,0,8.34,IN,clear sky,2022-03-15 07:27:37
656,Mulanay,13.5222,122.4042,88.38,60,97,1.43,PH,overcast clouds,2022-03-15 07:27:38
657,Laukaa,58.7372,29.8453,31.5,93,100,4.94,RU,overcast clouds,2022-03-15 07:23:12
658,Hofn,64.2539,-15.2082,40.15,71,100,30.29,IS,overcast clouds,2022-03-15 07:27:38
659,Krasnoselkup,65.7,82.4667,14.74,88,100,11.63,RU,overcast clouds,2022-03-15 07:27:39
660,Wewak,-3.5534,143.6268,84.69,70,85,8.48,PG,overcast clouds,2022-03-15 07:27:39
661,Qaqortoq,60.7167,-46.0333,-7.4,78,30,5.91,GL,scattered clouds,2022-03-15 07:27:40
662,Los Llanos De Aridane,28.6585,-17.9182,53.35,69,75,17.27,ES,broken clouds,2022-03-15 07:27:40
663,Havoysund,70.9963,24.6622,38.95,79,66,13.09,NO,broken clouds,2022-03-15 07:27:41
664,Vostok,46.4856,135.8833,31.06,82,100,6.82,RU,light snow,2022-03-15 07:27:41
665,Zhanaozen,43.3,52.8,35.2,42,93,2.35,KZ,overcast clouds,2022-03-15 07:27:42
666,Fare,-16.7,-151.0167,81.54,71,93,11.83,PF,overcast clouds,2022-03-15 07:27:42
667,Sakaiminato,35.55,133.2333,55.38,54,20,9.22,JP,few clouds,2022-03-15 07:27:42
668,Hobyo,5.3505,48.5268,82.98,58,100,16.91,SO,overcast clouds,2022-03-15 07:27:43
669,Cervo,43.6702,-7.4101,51.96,90,6,2.8,ES,clear sky,2022-03-15 07:27:43
670,Muramvya,-3.2682,29.6079,68.2,66,20,0.16,BI,few clouds,2022-03-15 07:27:44
671,Porbandar,21.6422,69.6093,88.02,39,6,9.01,IN,clear sky,2022-03-15 07:27:44
672,Havre-Saint-Pierre,50.2334,-63.5986,24.8,85,75,3.44,CA,broken clouds,2022-03-15 07:27:44
673,Kuching,1.55,110.3333,82.62,78,40,4.61,MY,light rain,2022-03-15 07:27:45
674,Agbor,6.2518,6.1934,79.65,85,100,3.31,NG,overcast clouds,2022-03-15 07:27:45
675,Grenfell,-33.9,148.1667,76.33,34,98,11.32,AU,overcast clouds,2022-03-15 07:27:46
676,Lauro Muller,-28.3928,-49.3967,69.8,78,96,0.56,BR,overcast clouds,2022-03-15 07:27:46
677,La Ronge,55.1001,-105.2842,12.45,92,100,4.61,CA,overcast clouds,2022-03-15 07:27:47
678,Zakamensk,50.3741,103.2863,13.96,56,100,3.94,RU,overcast clouds,2022-03-15 07:27:47
679,Porto Novo,6.4965,2.6036,82.22,79,100,5.57,BJ,overcast clouds,2022-03-15 07:24:30
680,Sayville,40.7359,-73.0821,47.01,74,20,5.75,US,few clouds,2022-03-15 07:24:43
681,Kutum,14.2,24.6667,63.14,18,0,18.68,SD,clear sky,2022-03-15 07:25:13
682,Marrakesh,31.6315,-8.0083,42.87,93,40,8.05,MA,scattered clouds,2022-03-15 07:27:48
683,Qui Nhon,13.7667,109.2333,80.62,70,12,10.09,VN,few clouds,2022-03-15 07:27:48
684,Bundaberg,-24.85,152.35,80.89,65,100,18.41,AU,overcast clouds,2022-03-15 07:27:49
685,Tumaco,1.7986,-78.8156,75.13,89,98,2.28,CO,light rain,2022-03-15 07:27:49
686,Tecoanapa,16.5167,-98.75,75.51,77,0,6.22,MX,clear sky,2022-03-15 07:27:50
687,Flin Flon,54.7682,-101.865,1.56,99,91,3.51,CA,overcast clouds,2022-03-15 07:27:50
688,Balikpapan,-1.2675,116.8289,86.99,74,20,6.91,ID,few clouds,2022-03-15 07:27:50
689,Hurghada,27.2574,33.8129,56.93,45,2,32.41,EG,clear sky,2022-03-15 07:26:42
690,Vila Franca Do Campo,37.7167,-25.4333,58.19,83,35,3.58,PT,scattered clouds,2022-03-15 07:27:51
691,Graaff-Reinet,-32.2522,24.5308,56.91,79,0,2.3,ZA,clear sky,2022-03-15 07:27:52
692,Omboue,-1.5746,9.2618,75.9,86,95,1.79,GA,light rain,2022-03-15 07:27:52
693,Henties Bay,-22.116,14.2845,62.42,80,4,2.68,NA,clear sky,2022-03-15 07:27:53
694,Mananjary,-21.2167,48.3333,81.48,72,95,2.01,MG,overcast clouds,2022-03-15 07:27:53
695,Hays,30.0502,-98.0336,61.05,48,0,4.0,US,clear sky,2022-03-15 07:27:53
696,Jiaxing,30.7522,120.75,62.53,69,6,11.07,CN,clear sky,2022-03-15 07:27:54
697,Padang,-0.9492,100.3543,89.65,70,100,5.73,ID,overcast clouds,2022-03-15 07:27:54
698,Lentvaris,54.65,25.05,36.1,75,0,3.44,LT,clear sky,2022-03-15 07:27:54
699,Lai,9.3952,16.2989,86.04,13,100,8.16,TD,overcast clouds,2022-03-15 07:27:55
700,Inirida,3.8653,-67.9239,73.36,96,100,2.15,CO,overcast clouds,2022-03-15 07:27:56
701,Novo Aripuana,-5.1206,-60.3797,70.86,99,100,1.05,BR,moderate rain,2022-03-15 07:27:56
702,Channel-Port Aux Basques,47.5702,-59.1367,30.4,79,100,21.83,CA,overcast clouds,2022-03-15 07:27:56
703,Grand Gaube,-20.0064,57.6608,85.37,77,50,8.01,MU,scattered clouds,2022-03-15 07:27:57
704,Omsukchan,62.5333,155.8,0.05,99,6,0.87,RU,clear sky,2022-03-15 07:27:57
705,Khani,41.9563,42.9566,27.97,59,100,3.11,GE,overcast clouds,2022-03-15 07:27:58
706,Mount Isa,-20.7333,139.5,92.97,36,81,11.5,AU,broken clouds,2022-03-15 07:27:58
707,Oceanside,33.1959,-117.3795,59.38,88,0,3.44,US,mist,2022-03-15 07:27:59
708,Karabulak,43.3036,44.8964,34.79,67,24,3.83,RU,few clouds,2022-03-15 07:27:59
709,Recea,47.6333,23.5167,33.71,64,0,2.3,RO,clear sky,2022-03-15 07:27:59
710,Rehoboth,-23.3167,17.0833,66.22,60,5,9.73,NA,clear sky,2022-03-15 07:28:00
711,Verkhnevilyuysk,63.4453,120.3167,2.35,84,100,5.53,RU,overcast clouds,2022-03-15 07:28:00
712,Hienghene,-20.6833,164.9333,80.19,80,29,5.73,NC,scattered clouds,2022-03-15 07:28:00
713,Dukat,62.55,155.55,-0.45,98,6,1.57,RU,clear sky,2022-03-15 07:28:01
714,Skjervoy,70.0311,20.9714,39.2,68,97,14.27,NO,overcast clouds,2022-03-15 07:28:01
715,Genhe,50.7833,121.5167,17.49,85,100,8.34,CN,light snow,2022-03-15 07:28:02
716,Moranbah,-22.0016,148.0466,85.32,38,100,17.0,AU,overcast clouds,2022-03-15 07:28:02
717,Prince Rupert,54.3161,-130.3201,42.49,87,100,27.63,CA,overcast clouds,2022-03-15 07:28:03
718,Rudbar,30.15,62.6,90.43,14,0,2.86,AF,clear sky,2022-03-15 07:28:03
719,Apache Junction,33.4151,-111.5496,63.84,26,0,5.75,US,clear sky,2022-03-15 07:28:03
720,Tatarskaya Pishlya,54.0608,44.8998,16.65,90,97,13.13,RU,overcast clouds,2022-03-15 07:28:04
721,Tura,25.5198,90.2201,95.34,10,0,7.47,IN,clear sky,2022-03-15 07:28:04
722,Letterkenny,54.95,-7.7333,44.49,71,100,11.16,IE,overcast clouds,2022-03-15 07:28:04
723,Mareeba,-17.0,145.4333,72.45,93,100,2.39,AU,light rain,2022-03-15 07:28:05
724,Gizo,-8.103,156.8419,84.56,69,92,6.55,SB,light rain,2022-03-15 07:28:05
